gene	mean	ReAgg-CM_mean	ReAgg-CM_positive_frac	VasHO_mean	VasHO_positive_frac	log2FC	-log10 p-val	is_significant
HES4	0.6059517	0.47524273	0.4889975550122249	0.71849954	0.6252631578947369	0.59622	8.390191	1
SMIM1	0.13325992	0.20667017	0.2469437652811736	0.07005018	0.08842105263157894	-1.5595093	9.156882	1
ESPN	0.046779163	0.094904765	0.1100244498777506	0.0053412938	0.010526315789473684	-4.1259785	8.68812	1
KIF1B	0.48700222	0.39307946	0.4400977995110024	0.56787795	0.5663157894736842	0.5306471	6.0490785	1
FBLIM1	0.38928384	0.28734067	0.3545232273838631	0.47706267	0.5094736842105263	0.73121697	8.424534	1
HSPB7	0.15096833	0.23948877	0.2567237163814181	0.07474712	0.09894736842105263	-1.6785414	10.251008	1
CAMK2N1	0.19060834	0.10749494	0.12469437652811736	0.26217154	0.23789473684210527	1.2854509	7.0031757	1
TCEA3	0.083082974	0.1295222	0.15647921760391198	0.043097068	0.061052631578947365	-1.5853075	5.731613	1
MAN1C1	0.059751302	0.09991244	0.1198044009779951	0.025171325	0.031578947368421054	-1.9846064	5.750993	1
HEYL	0.14422631	0.07424449	0.097799511002445	0.20448445	0.22526315789473683	1.4603987	8.333786	1
COL9A2	0.08149954	0.1427685	0.15403422982885084	0.028744627	0.035789473684210524	-2.3083134	8.131659	1
SLC2A1	0.43263942	0.58446646	0.5354523227383863	0.30191296	0.32421052631578945	-0.95275676	12.090117	1
BEND5	0.120499305	0.17356436	0.2078239608801956	0.0748079	0.08421052631578947	-1.2131119	5.302802	1
PGM1	0.32010522	0.4209506	0.4792176039119804	0.23326927	0.2863157894736842	-0.851379	8.963628	1
AK4	0.41825598	0.5049538	0.5330073349633252	0.34360746	0.37894736842105264	-0.55525607	5.392052	1
CTBS	0.3103226	0.38580352	0.45232273838630804	0.24532609	0.29473684210526313	-0.65295154	5.523169	1
CCN1	0.7464615	0.5754711	0.4841075794621027	0.89369214	0.6463157894736842	0.63494515	9.075916	1
LMO4	0.6542127	0.8752274	0.7188264058679706	0.4639093	0.4673684210526316	-0.9156691	19.410994	1
GBP3	0.16029076	0.10680548	0.15158924205378974	0.20634408	0.26105263157894737	0.9494152	5.2313943	1
GBP1	0.066311255	0.018750113	0.03178484107579462	0.107264	0.13473684210526315	2.5098653	9.016897	1
COL11A1	0.4276147	0.53940773	0.5036674816625917	0.331359	0.3178947368421053	-0.7028134	6.75605	1
LINC02802	0.34264597	0.25324744	0.3251833740831296	0.41962254	0.4442105263157895	0.72831875	7.1585517	1
ITGA10	0.07855367	0.123535015	0.1466992665036675	0.03982309	0.04421052631578947	-1.630792	5.144617	1
S100A4	0.52610743	0.3659375	0.32273838630806845	0.66402435	0.47368421052631576	0.85946196	8.406525	1
CRABP2	0.7487173	0.99397695	0.7872860635696821	0.53753173	0.5178947368421053	-0.8867392	24.312246	1
C1orf21	0.5424427	0.65571386	0.6210268948655256	0.44491643	0.47368421052631576	-0.55942786	7.311303	1
TNNT2	0.41069555	0.5158686	0.4767726161369193	0.32013896	0.3178947368421053	-0.6881346	5.308019	1
TNNI1	0.31593838	0.46717927	0.4352078239608802	0.1857087	0.20421052631578948	-1.3304669	12.799287	1
CSRP1	0.27196607	0.19448319	0.22493887530562348	0.33868	0.36	0.79996157	5.7667146	1
PCAT6	0.09866153	0.15843889	0.2078239608801956	0.047190785	0.06315789473684211	-1.7452058	8.759256	1
FMOD	0.05025139	0.08949024	0.097799511002445	0.016465561	0.016842105263157894	-2.4351544	5.3272133	1
TGFB2	0.21502553	0.13950524	0.16625916870415647	0.28005037	0.30526315789473685	1.0048482	6.4556484	1
RHOU	0.19461222	0.2839064	0.3056234718826406	0.11772056	0.1368421052631579	-1.269332	8.730055	1
GALNT2	0.44398478	0.34590805	0.41075794621026895	0.5284366	0.5557894736842105	0.6111979	7.3273406	1
NID1	0.5282368	0.42426205	0.4669926650366748	0.6177677	0.5894736842105263	0.54200244	6.6900315	1
ADI1	0.37531152	0.2872955	0.33251833740831294	0.45109826	0.4884210526315789	0.6507241	6.3506827	1
ID2	0.5998378	0.8413636	0.6625916870415648	0.3918761	0.36	-1.1021353	21.219173	1
RHOB	0.40022653	0.31853965	0.3643031784841076	0.47056505	0.48	0.56277496	5.0285034	1
CRIM1	0.13576712	0.08232871	0.1100244498777506	0.18178056	0.2063157894736842	1.1417725	5.3860745	1
EFEMP1	0.057523474	0.017604902	0.02444987775061125	0.09189555	0.10526315789473684	2.3774152	6.342493	1
AAK1	0.43254367	0.34643388	0.4156479217603912	0.50668955	0.5221052631578947	0.5483905	5.8228307	1
WDR54	0.36636227	0.45503503	0.4938875305623472	0.2900103	0.33263157894736844	-0.64969313	6.058855	1
LOXL3	0.3712756	0.46219906	0.4963325183374083	0.29298633	0.33052631578947367	-0.6575007	6.3235474	1
HK2	0.10990044	0.16145521	0.1980440097799511	0.06550941	0.0863157894736842	-1.3000528	5.376468	1
CYTOR	0.45909208	0.305198	0.33985330073349634	0.59160435	0.5136842105263157	0.95465845	12.861101	1
IL1R1	0.33218735	0.22808237	0.2762836185819071	0.42182735	0.4168421052631579	0.88680714	8.579366	1
MIR4435-2HG	0.24724658	0.13726631	0.17603911980440098	0.34194347	0.3684210526315789	1.3161514	12.49032	1
ZC3H6	0.1582015	0.21840674	0.25183374083129584	0.10635957	0.13263157894736843	-1.0373721	5.3735876	1
TTL	0.23054884	0.15689155	0.21515892420537897	0.2939695	0.35157894736842105	0.9054702	6.955997	1
INSIG2	0.291802	0.3869845	0.41075794621026895	0.20983978	0.25473684210526315	-0.882673	7.8250194	1
ZEB2	0.8839287	0.70225275	0.6699266503667481	1.0403588	0.7873684210526316	0.5669521	13.973719	1
FKBP7	0.46779516	0.6205861	0.6332518337408313	0.3362403	0.3936842105263158	-0.8839423	15.754808	1
ITGA4	0.32952684	0.13697104	0.1687041564792176	0.49532786	0.4905263157894737	1.8537511	28.01194	1
ITGAV	0.82503486	0.6541977	0.6308068459657702	0.9721341	0.7705263157894737	0.5713565	13.409195	1
HECW2	0.590884	0.40035713	0.38875305623471884	0.75493926	0.6063157894736843	0.914904	14.836342	1
ADAM23	0.15496995	0.09376623	0.12469437652811736	0.20766887	0.23789473684210527	1.1463014	6.2144547	1
COPS8	0.4339219	0.5320621	0.5770171149144254	0.349422	0.40421052631578946	-0.6064825	7.1477594	1
RAMP1	0.101567395	0.1698723	0.18337408312958436	0.042754	0.06315789473684211	-1.9877979	8.424118	1
ITGA9	0.18382464	0.11250705	0.1491442542787286	0.24523114	0.26526315789473687	1.1234331	7.087491	1
PFKFB4	0.11424377	0.17925529	0.20293398533007334	0.05826601	0.07368421052631578	-1.61962	7.6011634	1
TNNC1	0.26794377	0.34313422	0.3863080684596577	0.20319493	0.23157894736842105	-0.75561905	5.198766	1
COL8A1	0.24548315	0.113836475	0.1393643031784841	0.35883662	0.30526315789473685	1.6554993	12.59227	1
FILIP1L	0.2257615	0.14057	0.1687041564792176	0.2991138	0.3136842105263158	1.088862	7.7334538	1
TMEM45A	0.409308	0.5539316	0.5623471882640587	0.28478286	0.32210526315789473	-0.95959955	13.411786	1
NFKBIZ	0.2824742	0.19248171	0.22982885085574573	0.35996005	0.3831578947368421	0.90276676	7.4609222	1
LSAMP	0.4923134	0.6128763	0.5941320293398533	0.38850895	0.40210526315789474	-0.65751225	8.244082	1
FAM162A	1.0653003	1.4398893	0.8557457212713936	0.74275005	0.6231578947368421	-0.9549151	33.379475	1
PARP14	0.21912225	0.13664447	0.18581907090464547	0.29013827	0.3410526315789474	1.0857552	8.818828	1
SEMA5B	0.08347246	0.037769504	0.0488997555012225	0.12282525	0.1368421052631579	1.6986728	5.8264427	1
HEG1	0.29085946	0.19931905	0.25183374083129584	0.36967856	0.42105263157894735	0.8908583	8.550131	1
MGLL	0.1952584	0.26615408	0.29584352078239606	0.13420926	0.16631578947368422	-0.9872447	5.8261967	1
PLXND1	0.2577324	0.18063979	0.22982885085574573	0.32411075	0.35789473684210527	0.8430177	6.4181	1
TRH	0.045537043	0.085556015	0.08801955990220049	0.01107937	0.014736842105263158	-2.9377158	5.0659924	1
PLOD2	0.69539416	0.8385903	0.7163814180929096	0.57209396	0.56	-0.55163383	9.220272	1
EIF4G1	0.5643665	0.46011764	0.511002444987775	0.6541332	0.6231578947368421	0.50748885	7.042221	1
SLIT2	0.27946377	0.11234181	0.1271393643031785	0.4233635	0.37894736842105264	1.913059	20.047104	1
ADAMTS3	0.11724972	0.18478462	0.19070904645476772	0.059098907	0.07157894736842105	-1.6429827	6.6630735	1
SEPTIN11	1.2547189	1.0089345	0.7775061124694377	1.4663506	0.9052631578947369	0.5393529	21.66179	1
ARSJ	0.06163279	0.016326996	0.029339853300733496	0.100643575	0.12842105263157894	2.6165473	8.690999	1
ANKRD50	0.3607302	0.26346442	0.31295843520782396	0.4444816	0.4673684210526316	0.7542927	7.599098	1
FAT4	0.13222903	0.08045837	0.1100244498777506	0.17680636	0.20842105263157895	1.1348795	5.364243	1
EDNRA	0.21568987	0.11247879	0.14180929095354522	0.3045585	0.3094736842105263	1.4362577	11.421225	1
GUCY1A1	0.14752875	0.079182014	0.1100244498777506	0.20637879	0.2063157894736842	1.380928	6.983493	1
GUCY1B1	0.17952465	0.11240508	0.1393643031784841	0.23731647	0.2631578947368421	1.0774299	6.1105623	1
PALLD	0.60182506	0.48595515	0.4889975550122249	0.7015962	0.6210526315789474	0.5297266	6.8145537	1
SAP30	0.35179204	0.45907417	0.49877750611246946	0.2594164	0.30526315789473685	-0.82321584	8.875815	1
SCRG1	0.37151575	0.5206496	0.5036674816625917	0.24310586	0.2505263157894737	-1.0984119	12.94391	1
HAND2	0.8721529	1.0935723	0.8190709046454768	0.6814919	0.6	-0.6822003	18.503006	1
HAND2-AS1	0.28332856	0.3667105	0.38875305623471884	0.21152653	0.23578947368421052	-0.79351443	5.9192333	1
LINC02269	0.13354616	0.2121074	0.1784841075794621	0.06590134	0.06315789473684211	-1.6849078	6.5059204	1
ANKRD37	0.2764112	0.4449715	0.4058679706601467	0.13126558	0.15578947368421053	-1.7604496	18.410809	1
SEMA5A	0.91653705	0.6779689	0.6161369193154034	1.1219556	0.7789473684210526	0.7266404	19.30334	1
ADAMTS12	0.15815347	0.08218436	0.1198044009779951	0.22356637	0.2673684210526316	1.4426582	9.880259	1
LIFR	0.24153051	0.15981553	0.19315403422982885	0.31188902	0.30736842105263157	0.9641851	6.301103	1
ITGA1	0.9845372	0.7495996	0.6234718826405868	1.1868265	0.7726315789473684	0.66284615	17.198275	1
IL6ST	0.96301323	0.7766019	0.6968215158924206	1.1235223	0.7936842105263158	0.53272414	13.329657	1
F2R	0.7628238	0.5996957	0.5819070904645477	0.90328467	0.7410526315789474	0.5908692	12.2029295	1
EDIL3	0.6758848	0.53392243	0.5403422982885085	0.79812163	0.6842105263157895	0.57988906	9.948119	1
ARRDC3	0.3392409	0.47604337	0.5036674816625917	0.22144613	0.25263157894736843	-1.103789	13.289055	1
NR2F1-AS1	0.13288511	0.07899624	0.1100244498777506	0.17928633	0.21263157894736842	1.1813889	5.727573	1
EPB41L4A-AS1	0.44925782	0.6246854	0.5819070904645477	0.29821137	0.33473684210526317	-1.0665419	15.876194	1
TNFAIP8	0.22184838	0.29911032	0.3569682151589242	0.15531659	0.18526315789473685	-0.94501936	6.992393	1
LOX	0.58381015	0.73793083	0.5599022004889975	0.45111033	0.4147368421052632	-0.709881	8.763736	1
DPYSL3	0.4069241	0.28187677	0.32273838630806845	0.5145989	0.4863157894736842	0.8681525	9.838605	1
C5orf46	0.020322349	2.910383e-10	0.0	0.037820958	0.05473684210526316	8.566848	5.852714	1
CARMN	0.39965385	0.26919886	0.2982885085574572	0.5119839	0.4357894736842105	0.9271721	9.267593	1
PDGFRB	0.6664274	0.5161268	0.45965770171149145	0.7958438	0.6252631578947369	0.6246614	8.643384	1
SMIM3	0.2987938	0.4106349	0.39364303178484106	0.2024886	0.22105263157894736	-1.0196545	8.626129	1
DBN1	0.4810364	0.39214343	0.45232273838630804	0.55758005	0.56	0.50768846	5.668071	1
PDLIM7	0.60084265	0.47151956	0.4938875305623472	0.71219856	0.6673684210526316	0.5948585	9.476444	1
FOXC1	0.41701078	0.51862717	0.45965770171149145	0.329517	0.33473684210526317	-0.6541853	5.521392	1
VEGFA	0.7910311	1.1776516	0.7530562347188264	0.4581214	0.43157894736842106	-1.3619187	35.975056	1
DST	0.73751956	0.5913305	0.5647921760391198	0.86339515	0.7073684210526315	0.5459794	9.080901	1
FOXO3	0.20331608	0.26361763	0.33251833740831294	0.15138951	0.19789473684210526	-0.7997761	5.048113	1
DSE	0.2330869	0.16834348	0.2200488997555012	0.28883183	0.3473684210526316	0.7784644	5.3703375	1
NCOA7	0.6854597	0.5471312	0.5354523227383863	0.8045666	0.6736842105263158	0.5562407	8.879668	1
RSPO3	0.1712211	0.2641998	0.24205378973105135	0.091159604	0.09894736842105263	-1.5341269	7.5339217	1
CCN2	0.5749678	0.32135954	0.2591687041564792	0.79334015	0.5136842105263157	1.3034842	15.600495	1
AKAP12	0.54539466	0.39296296	0.3740831295843521	0.67664725	0.5452631578947369	0.7838568	9.699508	1
AGPAT4	0.30779707	0.4264455	0.4621026894865526	0.20563164	0.24421052631578946	-1.0519359	11.41791	1
PDGFA	0.31015244	0.21585847	0.2371638141809291	0.39134315	0.38526315789473686	0.85804886	6.8789406	1
RAPGEF5	0.063927904	0.021872386	0.03178484107579462	0.10014012	0.11157894736842106	2.1896966	6.5686016	1
AQP1	0.37636793	0.57915306	0.4180929095354523	0.20176306	0.16631578947368422	-1.5208169	14.894167	1
DBNL	0.38681492	0.31140828	0.38141809290953543	0.45174465	0.5073684210526316	0.53655636	5.0483766	1
MYL7	0.43985778	0.5689112	0.5819070904645477	0.32874006	0.3473684210526316	-0.79107106	8.795277	1
SLC25A13	0.20608144	0.14850757	0.2200488997555012	0.2556531	0.3157894736842105	0.78324413	5.1132174	1
ORAI2	0.4272608	0.34022328	0.40097799511002447	0.50220567	0.5389473684210526	0.5616598	6.0156927	1
NAMPT	0.33257428	0.43784484	0.45232273838630804	0.24192894	0.28842105263157897	-0.85556954	8.006226	1
DNAJB9	0.23725	0.32497853	0.34474327628361856	0.16170527	0.2	-1.0065296	6.927686	1
HILPDA	0.38599786	0.58308595	0.511002444987775	0.21629973	0.26526315789473687	-1.4302573	18.38167	1
AUXG01000058.1	0.14096703	0.08510975	0.11246943765281174	0.18906316	0.22105263157894736	1.1505408	5.5587926	1
PLXNA4	0.19363642	0.11626186	0.16136919315403422	0.26025847	0.2968421052631579	1.1618809	8.181377	1
STC1	0.21089864	0.31712842	0.3056234718826406	0.119422786	0.12631578947368421	-1.4082363	9.844885	1
CLU	0.104145326	0.15865916	0.16381418092909536	0.05720669	0.06526315789473684	-1.4700643	5.106163	1
ZNF395	0.15060104	0.22966187	0.28361858190709044	0.08252512	0.11157894736842106	-1.475487	9.720075	1
ADAM9	0.34711012	0.2493183	0.31295843520782396	0.43131387	0.4463157894736842	0.7905052	7.9804153	1
PENK	0.595695	0.8392207	0.44987775061124696	0.38601342	0.24	-1.1201975	10.62603	1
AC083967.1	0.051202897	0.0063303276	0.007334963325183374	0.08984062	0.06736842105263158	3.8060088	5.157702	1
SULF1	1.1565343	0.92276627	0.6992665036674817	1.3578196	0.8210526315789474	0.5572044	14.209786	1
TPD52	0.10560862	0.17960244	0.2078239608801956	0.04189655	0.05263157894736842	-2.0972672	10.04457	1
MMP16	0.26674923	0.19432499	0.24205378973105135	0.32910806	0.3642105263157895	0.7597859	5.585083	1
BAALC	0.37230933	0.4817766	0.4621026894865526	0.2780536	0.28842105263157897	-0.7927819	7.5126204	1
NDRG1	0.2253725	0.36605966	0.3276283618581907	0.10422701	0.12842105263157894	-1.8113601	14.804825	1
C8orf33	0.33713743	0.42046088	0.4841075794621027	0.2653897	0.32842105263157895	-0.6636588	6.488834	1
GLIPR2	0.30847365	0.22984059	0.28361858190709044	0.3761794	0.4147368421052632	0.7105431	5.929305	1
ANXA1	0.85217613	0.59445816	0.5183374083129584	1.0740836	0.7242105263157895	0.8533507	20.675219	1
GNA14	0.044150267	0.010094046	0.017114914425427872	0.07347455	0.09263157894736843	2.85148	6.9518347	1
PALM2-AKAP2	0.6119731	0.48057395	0.5207823960880196	0.72511655	0.6463157894736842	0.5933533	9.41308	1
PAPPA	0.59851414	0.43988508	0.3765281173594132	0.73510385	0.5094736842105263	0.7406898	7.8851666	1
OLFML2A	0.24252607	0.15462102	0.1882640586797066	0.31821454	0.28842105263157897	1.0407836	6.4686675	1
SH2D3C	0.051771127	0.013172222	0.014669926650366748	0.08500684	0.10526315789473684	2.6808653	6.845826	1
ASS1	0.06989546	0.11469646	0.13691931540342298	0.03132034	0.04	-1.8693074	5.9160557	1
OLFM1	0.087285936	0.14520341	0.15158924205378974	0.037416678	0.04631578947368421	-1.9534645	6.842144	1
SNHG7	0.81690484	1.0122274	0.7726161369193154	0.6487167	0.5978947368421053	-0.6417931	13.552098	1
PTGDS	0.42868805	0.655787	0.44987775061124696	0.23315027	0.1957894736842105	-1.4915686	15.500371	1
NRARP	0.06806125	0.020827914	0.02689486552567237	0.108731724	0.10947368421052632	2.3785987	6.5742674	1
PRKG1	0.20493141	0.12656738	0.15647921760391198	0.27240536	0.29473684210526313	1.1052395	7.5102644	1
RHOBTB1	0.17533511	0.121701464	0.17359413202933985	0.2215153	0.28	0.863526	5.0624948	1
TET1	0.6009654	0.76241136	0.6674816625916871	0.46195576	0.4863157894736842	-0.7226919	11.993479	1
TSPAN15	0.10579938	0.051411193	0.06845965770171149	0.15263064	0.16421052631578947	1.5680317	6.572464	1
UNC5B-AS1	0.20338643	0.36571893	0.2860635696821516	0.06360289	0.061052631578947365	-2.521699	16.142595	1
DDIT4	0.89031297	1.2036047	0.8092909535452323	0.6205431	0.5452631578947369	-0.95564556	27.682209	1
ACTA2	1.0588546	0.8161089	0.5672371638141809	1.2678665	0.671578947368421	0.6355062	9.895526	1
MXI1	0.3145872	0.45063972	0.43276283618581907	0.19743617	0.23578947368421052	-1.1901777	12.78358	1
BNIP3	1.3246957	1.6158893	0.9046454767726161	1.0739561	0.7705263157894737	-0.5893482	21.582468	1
POLR2L	0.8949466	0.72746927	0.6528117359413202	1.0391519	0.8294736842105264	0.5143889	13.159906	1
CDKN1C	0.4618403	0.5772375	0.5745721271393643	0.36248255	0.3726315789473684	-0.67110556	7.5883746	1
ADM	0.13970147	0.2445998	0.2567237163814181	0.04937903	0.05473684210526316	-2.306124	13.874951	1
PARVA	0.47753435	0.37289622	0.4449877750611247	0.5676353	0.5936842105263158	0.60605747	8.228958	1
FADS2	0.36221087	0.27628377	0.33496332518337407	0.43619922	0.45263157894736844	0.65864503	6.01436	1
AHNAK	0.94305605	0.7635417	0.6797066014669927	1.0976256	0.8021052631578948	0.5235496	12.788024	1
SNHG1	0.24727443	0.3355358	0.3545232273838631	0.17127058	0.1936842105263158	-0.9697771	7.107531	1
STIP1	0.42718878	0.34705934	0.39364303178484106	0.4961856	0.5221052631578947	0.5155727	5.0231247	1
CD248	0.28650668	0.17536637	0.22493887530562348	0.38220254	0.40210526315789474	1.1235201	11.610338	1
STARD10	0.1551505	0.21266618	0.2616136919315403	0.10562579	0.12842105263157894	-1.0089415	5.215178	1
LRRC32	0.09804884	0.051534113	0.07579462102689487	0.13810065	0.16421052631578947	1.4203681	5.564488	1
TAF1D	0.6426981	0.77286947	0.6894865525672371	0.53061604	0.5326315789473685	-0.5424712	8.123156	1
CASP4	0.18013999	0.12069075	0.16381418092909536	0.23132761	0.27578947368421053	0.938051	5.432018	1
GRIA4	0.043796256	0.012310586	0.019559902200488997	0.07090714	0.0863157894736842	2.516393	5.855611	1
GUCY1A2	0.17531297	0.08640601	0.11735941320293398	0.25186548	0.2694736842105263	1.5423537	10.793446	1
LAYN	0.3529411	0.45139354	0.44987775061124696	0.26816818	0.27578947368421053	-0.75102943	6.2061133	1
NCAM1	0.7391869	0.9565357	0.7579462102689487	0.552035	0.4863157894736842	-0.7929486	17.99647	1
TAGLN	1.1555914	0.6361115	0.4083129584352078	1.6028898	0.7663157894736842	1.3331869	35.928493	1
MCAM	0.19767365	0.09464776	0.1198044009779951	0.28638306	0.27578947368421053	1.596286	10.84362	1
THY1	1.0008564	0.6993337	0.5354523227383863	1.2604816	0.8147368421052632	0.8498302	24.695396	1
MIR100HG	0.53834754	0.6822891	0.6185819070904646	0.4144125	0.4231578947368421	-0.7191791	10.324848	1
ESAM	0.14335227	0.06592758	0.06845965770171149	0.21001916	0.2063157894736842	1.670067	8.240744	1
FEZ1	0.36053652	0.2726715	0.3422982885085575	0.4361931	0.48	0.67760485	6.849097	1
ST3GAL4	0.18723658	0.25451645	0.3154034229828851	0.1293014	0.15578947368421053	-0.9764724	6.259403	1
ETS1	0.39830148	0.2725027	0.33007334963325186	0.50662184	0.5073684210526316	0.89439434	11.190051	1
NTM	0.482427	0.36070448	0.3471882640586797	0.587239	0.5073684210526316	0.7029764	7.513778	1
CD9	0.7396299	0.97766006	0.726161369193154	0.5346697	0.48	-0.87056273	19.303461	1
ENO2	0.47391564	0.67090815	0.5843520782396088	0.3043006	0.3410526315789474	-1.1403592	18.395771	1
ARHGDIB	0.70549834	0.46186402	0.44987775061124696	0.91528	0.7178947368421053	0.9865903	23.734776	1
EPS8	0.47669727	0.38231006	0.4229828850855746	0.5579716	0.5431578947368421	0.5453298	5.883001	1
PDE3A	0.23763542	0.15601243	0.1882640586797066	0.30791506	0.3368421052631579	0.9804154	7.085221	1
ITPR2	0.18326451	0.12344628	0.17603911980440098	0.2347695	0.2905263157894737	0.92680776	5.8263106	1
AMHR2	0.07795586	0.13021623	0.16381418092909536	0.03295777	0.04	-1.9789553	7.583965	1
ITGA5	0.39235932	0.29567534	0.3569682151589242	0.475611	0.48210526315789476	0.68558365	7.290271	1
MSRB3	0.38092864	0.25015843	0.3202933985330073	0.4935297	0.5031578947368421	0.9800106	13.220048	1
GLIPR1	0.22834598	0.1491838	0.19070904645476772	0.29650643	0.33263157894736844	0.9904922	7.201629	1
DUSP6	0.33875442	0.25094652	0.2787286063569682	0.41436177	0.4147368421052632	0.7232843	5.880711	1
NUDT4	0.40640062	0.31228846	0.36185819070904646	0.4874385	0.4863157894736842	0.642175	6.380183	1
MLXIP	0.33537617	0.2230428	0.2762836185819071	0.4321006	0.47368421052631576	0.95373374	11.140478	1
LHFPL6	0.48113295	0.35408565	0.40097799511002447	0.5905307	0.5452631578947369	0.7377506	9.213094	1
TBC1D4	0.19453287	0.11511597	0.15158924205378974	0.2629132	0.28	1.1907943	7.8076916	1
EFNB2	0.27800375	0.113589704	0.1198044009779951	0.41957134	0.37684210526315787	1.8841584	19.263313	1
COL4A1	2.345882	1.8800281	0.8973105134474327	2.7470076	0.9747368421052631	0.5470823	35.10822	1
ANG	0.12936077	0.18822595	0.22249388753056235	0.078675054	0.09894736842105263	-1.2574211	6.038559	1
RNASE4	0.3764099	0.48161733	0.4841075794621027	0.28582314	0.33263157894736844	-0.7525595	7.619627	1
EGLN3	0.26380295	0.36408913	0.38141809290953543	0.17744511	0.2	-1.0365021	8.580723	1
ERO1A	0.6591725	0.894406	0.6699266503667481	0.45662472	0.47578947368421054	-0.9697665	19.542873	1
AL133453.1	0.32530257	0.47365224	0.4572127139364303	0.19756487	0.2294736842105263	-1.2610762	14.458736	1
LINC00520	0.12401301	0.19433156	0.1980440097799511	0.06346551	0.06947368421052631	-1.6129463	6.4669294	1
HIF1A	0.5293387	0.43171647	0.4767726161369193	0.61339796	0.5936842105263158	0.50664043	6.0656815	1
HIF1A-AS3	0.046112552	0.08224397	0.10513447432762836	0.015002288	0.018947368421052633	-2.446896	6.1032653	1
ARG2	0.3258868	0.50019485	0.4352078239608802	0.17579612	0.20421052631578948	-1.508055	17.189096	1
MEG3	0.0789709	0.0010651104	0.0024449877750611247	0.1460519	0.08210526315789474	6.970858	7.42079	1
TJP1	0.56147677	0.43149513	0.4718826405867971	0.67339957	0.6357894736842106	0.64199847	10.08824	1
ACTC1	0.44628757	0.5921791	0.5916870415647921	0.32067195	0.3452631578947368	-0.88472927	11.265727	1
THBS1	0.29154655	0.20293154	0.21515892420537897	0.3678461	0.31157894736842107	0.8577905	5.4716673	1
UACA	0.5694959	0.44475317	0.45965770171149145	0.6769088	0.52	0.6058454	5.9251885	1
NMB	0.41570297	0.5492949	0.5012224938875306	0.3006774	0.32842105263157895	-0.8691475	9.346588	1
SEMA4B	0.19388707	0.3011986	0.3202933985330073	0.10148002	0.12210526315789473	-1.5685773	11.938103	1
CIB1	0.7279384	0.86954665	0.7603911980440098	0.60600513	0.6105263157894737	-0.52086127	9.846617	1
LINC01578	0.7154058	0.8603964	0.7652811735941321	0.5905611	0.5978947368421053	-0.5428386	10.663653	1
NR2F2	0.3773832	0.20521611	0.25183374083129584	0.52562845	0.4926315789473684	1.3564711	19.304972	1
SOCS1	0.09792032	0.05324467	0.07823960880195599	0.13638866	0.16421052631578947	1.355365	5.361686	1
ACSM3	0.087236084	0.034217168	0.044009779951100246	0.13288832	0.14105263157894737	1.9542971	7.0823245	1
ALDOA	0.16285142	0.22763172	0.2982885085574572	0.10707041	0.1368421052631579	-1.0874286	6.913577	1
CDH11	0.89517003	0.7287089	0.6185819070904646	1.0384983	0.7557894736842106	0.51102525	10.215753	1
CDH5	0.03805518	0.0076105474	0.007334963325183374	0.064269684	0.07368421052631578	3.0614762	5.418421	1
NOL3	0.4227067	0.51707584	0.5281173594132029	0.34145308	0.36	-0.5985452	5.6887984	1
MYO1C	0.43203938	0.33939046	0.39853300733496333	0.51181716	0.5347368421052632	0.59253937	6.6229925	1
ELAC2	0.115738235	0.068906695	0.10513447432762836	0.15606275	0.20842105263157895	1.1782421	5.810315	1
MFAP4	0.17052074	0.30214587	0.2762836185819071	0.057178874	0.06947368421052631	-2.3996475	15.490116	1
PLXDC1	0.14044246	0.07161973	0.09290953545232274	0.19970253	0.21052631578947367	1.4781328	7.5842533	1
ACLY	0.3580014	0.27764454	0.34474327628361856	0.42719367	0.47368421052631576	0.6214694	5.895525	1
MYL4	0.2802083	0.416808	0.4132029339853301	0.16258281	0.19157894736842104	-1.3576672	12.010264	1
NGFR	0.33622873	0.22129297	0.22249388753056235	0.43519384	0.3705263157894737	0.97538006	8.087723	1
ITGA3	0.20281842	0.12554695	0.15647921760391198	0.26935154	0.3178947368421053	1.1006502	8.019225	1
SEPTIN4	0.19374436	0.11822686	0.15158924205378974	0.2587675	0.28210526315789475	1.129436	7.3407683	1
RGS9	0.16830508	0.22904716	0.2762836185819071	0.116000704	0.1431578947368421	-0.98089767	5.5326915	1
SOX9-AS1	0.061657593	0.105200686	0.13202933985330073	0.024165561	0.03368421052631579	-2.1175327	6.6102614	1
SOX9	0.489066	0.60818565	0.5647921760391198	0.38650477	0.3431578947368421	-0.65388966	6.976313	1
SEC14L1	0.35855937	0.2761656	0.33985330073349634	0.42950505	0.47368421052631576	0.636955	5.9713373	1
PIEZO2	0.3347989	0.17267734	0.2176039119804401	0.4743942	0.45263157894736844	1.4574765	18.840519	1
RNMT	0.6409948	0.77295834	0.7114914425427873	0.5273697	0.5368421052631579	-0.5514892	9.123222	1
CCBE1	0.10876726	0.16848497	0.16381418092909536	0.057347633	0.06315789473684211	-1.5531565	5.8584404	1
CCDC102B	0.48935467	0.32026172	0.32273838630806845	0.63495415	0.5347368421052632	0.98717797	13.095534	1
ANGPTL4	0.6231018	0.7732095	0.6014669926650367	0.493855	0.5073684210526316	-0.64666647	8.20222	1
COL5A3	0.067385204	0.023930047	0.02689486552567237	0.10480253	0.10105263157894737	2.126138	5.30064	1
DNMT1	0.44889614	0.35778365	0.4083129584352078	0.5273507	0.5157894736842106	0.5595459	5.761153	1
AC020916.1	0.34423512	0.26383945	0.28117359413202936	0.41346	0.42526315789473684	0.6478896	5.0176244	1
NOTCH3	0.2439547	0.17083853	0.2273838630806846	0.30690882	0.3410526315789474	0.8448024	6.1324105	1
KLF2	0.49461845	0.3865998	0.36674816625916873	0.58763075	0.5178947368421053	0.6039414	5.876779	1
PLVAP	0.06616212	0.01798668	0.02689486552567237	0.10764384	0.10947368421052632	2.574606	7.0216017	1
SPINT2	0.11960094	0.17528391	0.21271393643031786	0.07165544	0.09052631578947369	-1.2893564	5.705433	1
BCKDHA	0.17524928	0.23582591	0.29584352078239606	0.12308771	0.16421052631578947	-0.9374755	5.6455126	1
PLAUR	0.25186875	0.32135326	0.37163814180929094	0.19203316	0.2231578947368421	-0.7425024	5.021004	1
PPP1R13L	0.062484607	0.10626034	0.13447432762836187	0.024792312	0.03368421052631579	-2.0951881	6.755659	1
VASP	0.5127535	0.41057438	0.4621026894865526	0.60073733	0.5873684210526315	0.5489795	6.7755003	1
TNNT1	0.07290382	0.12472633	0.12469437652811736	0.028282797	0.031578947368421054	-2.1368337	6.335461	1
CPXM1	0.30099347	0.37944534	0.4352078239608802	0.2334378	0.2736842105263158	-0.70061606	5.8289843	1
PRNP	0.19079457	0.26765317	0.31784841075794623	0.1246111	0.16421052631578947	-1.1023136	7.5934086	1
JAG1	0.4289386	0.3295198	0.3594132029339853	0.5145457	0.49894736842105264	0.64277667	6.495112	1
MYL9	0.9847894	0.7616721	0.6234718826405868	1.176902	0.7494736842105263	0.6276855	13.491842	1
WFDC2	0.055253055	0.09619429	0.12224938875305623	0.02000139	0.02526315789473684	-2.2601552	6.5088143	1
COL9A3	0.6011854	0.8497639	0.6601466992665037	0.3871502	0.3494736842105263	-1.1339658	22.280579	1
EEF1A2	0.061278075	0.10865456	0.12224938875305623	0.020485323	0.02526315789473684	-2.401388	6.3838124	1
MRPS6	0.62113637	0.805854	0.6723716381418093	0.46208882	0.47789473684210526	-0.8022152	14.429406	1
POFUT2	0.32347113	0.4151459	0.4767726161369193	0.24453177	0.30736842105263157	-0.76335406	7.77026	1
COL18A1	1.1053615	0.8911372	0.6723716381418093	1.2898169	0.8063157894736842	0.5333968	12.177493	1
SELENOM	0.9698702	1.155853	0.8533007334963325	0.80972236	0.6673684210526316	-0.51340544	13.199062	1
MYH9	0.97557604	0.7310404	0.6356968215158925	1.1861324	0.8042105263157895	0.69816625	20.304731	1
H1F0	0.34142134	0.4676986	0.45965770171149145	0.23268838	0.24421052631578946	-1.0068685	10.169123	1
SHROOM2	0.041480754	0.012030539	0.019559902200488997	0.0668391	0.08842105263157894	2.4642055	5.642314	1
ITM2A	0.22722752	0.31614518	0.33251833740831294	0.15065837	0.14947368421052631	-1.0688053	6.796797	1
NRK	0.10655292	0.051764216	0.07334963325183375	0.15372907	0.19789473684210526	1.5685166	7.562469	1
BGN	0.998924	0.7173003	0.5843520782396088	1.241414	0.7368421052631579	0.7912502	18.698215	1
SLC6A8	0.3720685	0.5139025	0.3643031784841076	0.24994244	0.24842105263157896	-1.0396024	7.9106226	1
FLNA	0.9298945	0.7060534	0.6430317848410758	1.1226307	0.8042105263157895	0.6689584	19.48085	1
LAGE3	0.30057308	0.38762793	0.4400977995110024	0.2256105	0.27157894736842103	-0.78057104	7.077457	1
CMC4	0.28999153	0.3696498	0.40097799511002447	0.22139615	0.26526315789473687	-0.73926765	5.639636	1
MT-ND3	2.0358	1.5959077	0.8141809290953546	2.4145675	0.9621052631578947	0.59735686	37.731663	1
MT-ND4L	0.55007553	0.42793974	0.46943765281173594	0.6552435	0.6273684210526316	0.61450666	9.021852	1
MT-ND6	0.4355646	0.32536244	0.3545232273838631	0.53045666	0.5347368421052632	0.7050159	7.942032	1
