gene	mean	HO_mean	HO_positive_frac	ReAgg-CM_mean	ReAgg-CM_positive_frac	log2FC	-log10 p-val	is_significant
LINC01409	0.07509585	0.09053531	0.12095221424820585	0.06301054	0.07945842450765864	-0.52219224	8.830564	1
MMP23B	0.2047413	0.15149826	0.1925433222475057	0.24636646	0.2679157549234136	0.7011382	42.862244	1
SLC35E2B	0.074275985	0.08892637	0.12200245055137406	0.062807396	0.07891137855579869	-0.501003	8.52723	1
PANK4	0.034011904	0.046745095	0.06861543847365657	0.024073096	0.03309628008752735	-0.9544958	14.35932	1
RNF207	0.063455336	0.050071847	0.06809032032207246	0.073901236	0.08985229759299782	0.5606714	8.347957	1
ACOT7	0.054470222	0.040504944	0.06231402065464729	0.065374404	0.08821115973741794	0.6892757	12.199957	1
PER3	0.07979272	0.10338744	0.13775599509889724	0.061335433	0.07768052516411379	-0.7523128	19.04341	1
AL109811.2	0.031501293	0.04250739	0.05758795729039034	0.022910213	0.028583150984682712	-0.88882947	9.490028	1
DISP3	0.0024557146	0.0045889956	0.006826535970593383	0.00078981573	0.0012308533916849016	-2.3977003	5.5176725	1
NPPA	0.51010966	0.31385037	0.23262734115175915	0.66347593	0.39606126914660833	1.0797251	44.55244	1
NPPB	0.08500768	0.026010437	0.02625590757920532	0.13110007	0.09545951859956237	2.32907	44.55244	1
EFHD2	0.16431072	0.19754532	0.2475056887799755	0.13834299	0.1660284463894967	-0.5136217	19.990473	1
MFAP2	0.16663606	0.21131998	0.2543322247505689	0.13172527	0.14948030634573303	-0.6814848	32.58302	1
BX293535.1	0.011241511	0.015550321	0.02205496236653247	0.007872788	0.010393873085339168	-0.97303593	5.158112	1
FNDC5	0.0583135	0.07480876	0.10257307894276212	0.045413475	0.057439824945295405	-0.7188407	13.623556	1
CLSPN	0.061481986	0.04877713	0.04866094871346053	0.07139804	0.07056892778993436	0.5487442	5.956193	1
CDCA8	0.05199722	0.0370348	0.03675827061088745	0.06368157	0.05962800875273523	0.78036785	9.131237	1
FOXO6	0.041907437	0.053248897	0.07701732889900227	0.03305236	0.04061816192560175	-0.6863469	9.293442	1
CDC20	0.056691833	0.03976713	0.03745842814633293	0.069908515	0.06291028446389496	0.8123306	10.051671	1
ARTN	0.17023298	0.22427002	0.2665849816208647	0.1280204	0.14852297592997812	-0.8083796	44.55244	1
SLC6A9	0.015256853	0.021211457	0.028181340801680378	0.01059762	0.013265864332603938	-0.9943393	6.160092	1
KIF2C	0.04765538	0.031859048	0.0330824435497987	0.059992682	0.05798687089715536	0.9109648	11.63593	1
GLIS1	0.038333636	0.051429037	0.06686504463504288	0.028112426	0.03186542669584245	-0.869055	11.13802	1
DHCR24	0.1762855	0.1253552	0.1795904078417644	0.21608691	0.2599835886214442	0.7851069	44.55244	1
PLPP3	0.13006502	0.16010298	0.20077017328899002	0.10658125	0.125	-0.5865943	19.18768	1
CYP2J2	0.022423165	0.015244962	0.022580080518116576	0.028030965	0.03665207877461707	0.874394	7.6212006	1
LEPR	0.05814922	0.07239758	0.1032732364782076	0.047004744	0.05908096280087528	-0.6220604	10.778785	1
DEPDC1	0.09804919	0.0682848	0.06388937510939961	0.12129582	0.10147702407002188	0.82797104	17.100285	1
CTH	0.023855533	0.033577155	0.044985121652371785	0.016259074	0.020787746170678335	-1.0416793	10.678082	1
PTGER3	0.08638508	0.10645689	0.12095221424820585	0.07068022	0.07809080962800875	-0.5902056	11.6203575	1
RABGGTB	0.16119671	0.19691218	0.26448450901452825	0.1332857	0.16411378555798686	-0.56268084	24.546598	1
IFI44L	0.011230968	0.020630118	0.02800630141781901	0.0038831567	0.004513129102844639	-2.379744	19.199701	1
AL359504.2	0.07155407	0.096715905	0.13373008927008576	0.051873382	0.0650984682713348	-0.89747113	24.988419	1
SAMD13	0.025486326	0.03346046	0.04831086994573779	0.019257024	0.02612144420131291	-0.79390544	7.6496606	1
LPAR3	0.06976567	0.08797781	0.11850166287414668	0.055515304	0.0711159737417943	-0.66329664	13.703045	1
DDAH1	0.032333247	0.020973034	0.03378260108524418	0.041212577	0.05579868708971553	0.97118306	13.906534	1
CCN1	0.13062027	0.09000992	0.11237528443899877	0.16234049	0.17943107221006566	0.85015345	33.673927	1
TGFBR3	0.039391384	0.05176222	0.07526693506038859	0.029735828	0.03897702407002188	-0.7976382	11.482677	1
CCDC18-AS1	0.21793948	0.26136175	0.31699632417293894	0.18406402	0.212527352297593	-0.5056086	24.924362	1
DPYD	0.016548963	0.022732215	0.0325573253982146	0.011710522	0.015454048140043765	-0.9509982	6.782961	1
GSTM2	0.03641397	0.044490583	0.060563626816033604	0.03011361	0.0387035010940919	-0.5615406	5.278016	1
LRIG2-DT	0.026980503	0.035485066	0.047435673026430945	0.020338545	0.024343544857768053	-0.7999795	6.447706	1
TRIM45	0.015359269	0.021768408	0.029756695256432698	0.010344821	0.013265864332603938	-1.0660604	7.0229154	1
PHGDH	0.25416046	0.31607184	0.30211797654472256	0.20586199	0.21088621444201314	-0.6183307	33.96905	1
ITGA10	0.056509703	0.0758066	0.10187292140731664	0.04141929	0.049781181619256015	-0.8704436	16.474567	1
HIST2H2AA4	0.012573668	0.019818304	0.02958165587257133	0.006907306	0.009846827133479213	-1.5071629	11.988736	1
AC239868.1	0.01335416	0.018407492	0.02678102573078943	0.009401266	0.012855579868708972	-0.9619176	5.8211284	1
CA14	0.056140292	0.0708508	0.09854717311395064	0.044636223	0.05798687089715536	-0.66537535	11.548276	1
CIART	0.0574399	0.07199315	0.09784701557850517	0.04605762	0.05675601750547046	-0.6432933	10.583103	1
CERS2	0.13215414	0.16872361	0.2345527743742342	0.10356676	0.13471006564551422	-0.70356333	31.546225	1
CRTC2	0.017616339	0.02748754	0.03973394013653072	0.009896518	0.013676148796498906	-1.4645193	15.156039	1
KHDC4	0.11688745	0.13993546	0.18921757395413968	0.09886461	0.12103391684901532	-0.50080764	13.170141	1
IQGAP3	0.012872555	0.008424015	0.015228426395939087	0.0163455	0.024070021881838075	0.9480878	5.967513	1
CASQ1	0.06543712	0.051623035	0.07964291965692281	0.07621982	0.10065645514223195	0.56125075	10.171821	1
VANGL2	0.050654188	0.06233925	0.08944512515315946	0.04151825	0.05443107221006564	-0.58523697	8.126671	1
NUF2	0.05122429	0.037126724	0.03833362506563977	0.062232573	0.06236323851203501	0.7436476	8.665231	1
SLC19A2	0.019670447	0.025525246	0.03745842814633293	0.0150890285	0.020924507658643326	-0.7545362	5.442429	1
NIBAN1	0.017450769	0.023855623	0.02923157710484859	0.0124391625	0.015590809628008753	-0.9339233	6.017611	1
B3GALT2	0.07644298	0.09431456	0.12392788377384911	0.06245733	0.07439824945295405	-0.5938304	11.621551	1
KCNT2	0.023813162	0.030758522	0.040784176439698935	0.018385647	0.022975929978118162	-0.7392635	5.310732	1
ASPM	0.12966138	0.09255331	0.08016803780850691	0.15864491	0.11829868708971554	0.776796	16.988249	1
KIF14	0.05451879	0.04003165	0.03745842814633293	0.06583179	0.061269146608315096	0.7162338	7.9681087	1
KCNH1	0.010814931	0.01778155	0.02363031682128479	0.005369642	0.006291028446389497	-1.7089536	11.035443	1
NEK2	0.04341518	0.02797773	0.02905653772098722	0.05547506	0.054567833698030636	0.9850114	12.442983	1
DTL	0.030190261	0.021977916	0.030456852791878174	0.036610313	0.044857768052516414	0.7335814	6.9007964	1
CENPF	0.19510943	0.14425871	0.08856992823385261	0.2348669	0.13416301969365427	0.7027994	16.17267	1
SUSD4	0.03796947	0.04682888	0.06441449326098372	0.031058088	0.04048140043763676	-0.59086937	6.220349	1
OBSCN-AS1	0.0062785274	0.010224774	0.014178190092770873	0.0031958863	0.003692560175054705	-1.6473718	6.726305	1
HIST3H2A	0.14230804	0.18299945	0.22825135655522494	0.110501386	0.13170131291028447	-0.7272579	32.545418	1
ACTA1	0.026352461	0.015988182	0.014003150708909505	0.034452517	0.029677242888402625	1.1027895	7.0952554	1
COA6-AS1	0.01794303	0.025474476	0.033607561701382814	0.012051293	0.015590809628008753	-1.0735949	7.6884775	1
ASAP2	0.0338284	0.026053268	0.03710834937861019	0.039907977	0.053610503282275714	0.61329645	5.6367154	1
RRM2	0.073841654	0.05201676	0.04463504288464905	0.090885244	0.07850109409190371	0.80388516	12.288784	1
LRATD1	0.021119291	0.029810619	0.04130929459128304	0.014325198	0.018326039387308535	-1.0520667	9.466479	1
LINC00954	0.015228842	0.021912945	0.029756695256432698	0.009999445	0.012855579868708972	-1.1240762	7.6883082	1
TTC32	0.06305617	0.08320553	0.12112725363206721	0.047294803	0.06263676148796499	-0.8136834	19.693481	1
CENPA	0.034814395	0.02622883	0.025905828811482585	0.041526668	0.04403719912472648	0.6608648	5.205753	1
TRIM54	0.07744555	0.06050699	0.09207071591107999	0.09067009	0.11652078774617068	0.58273286	12.7716675	1
EHD3	0.12867576	0.09690608	0.1391563101697882	0.15348873	0.19009846827133478	0.6629252	26.268791	1
CHAC2	0.029504078	0.022769362	0.03710834937861019	0.034770038	0.050054704595185996	0.6085719	5.766022	1
CNRIP1	0.05076128	0.061715674	0.08611937685979346	0.042197917	0.05278993435448578	-0.5473861	6.8851733	1
LINC01816	0.02063492	0.0152560575	0.023805356205146157	0.024835533	0.032959518599562365	0.6993952	5.234532	1
MTHFD2	0.2230542	0.2708753	0.25625765797304395	0.18574454	0.19064551422319476	-0.54406506	22.420527	1
CYTOR	0.13147694	0.10479617	0.14930859443374758	0.15231398	0.18572210065645514	0.53903323	17.405598	1
ARID5A	0.038424693	0.024668721	0.036058113075441975	0.04917499	0.06208971553610503	0.9923363	15.373942	1
UNC50	0.15158047	0.19616207	0.268160336075617	0.11673496	0.15057439824945296	-0.74830943	42.329727	1
LONRF2	0.033499025	0.04151978	0.056362681603360755	0.027241198	0.03596827133479212	-0.60619295	5.557467	1
ECRG4	0.022677857	0.03179002	0.04410992473306494	0.015556648	0.018326039387308535	-1.0263298	10.165375	1
SULT1C4	0.05582167	0.06786092	0.09732189742692106	0.046405256	0.06208971553610503	-0.54731166	8.067923	1
BUB1	0.098657325	0.0788257	0.08892000700157536	0.11414087	0.1162472647702407	0.5335118	9.481875	1
MERTK	0.012555551	0.017343383	0.02503063189217574	0.008810324	0.01162472647702407	-0.96913016	5.124431	1
CKAP2L	0.04072121	0.030800827	0.03465779800455102	0.048475523	0.05388402625820569	0.6525842	6.345661	1
AC110769.2	0.021455035	0.028180119	0.039208821984946615	0.016196085	0.021198030634573303	-0.79526275	5.820091	1
DPP10	0.006337462	0.010144917	0.014353229476632243	0.0033633558	0.004102844638949671	-1.5646658	5.6734743	1
LIMS2	0.18707694	0.15044972	0.20689655172413793	0.2157091	0.25888949671772427	0.5195157	24.598072	1
C2orf27A	0.10611451	0.12854722	0.18029056537720986	0.088569626	0.11228118161925602	-0.5369083	14.97906	1
LYPD6B	0.028479889	0.03656162	0.04971118501662874	0.022169515	0.029677242888402625	-0.7192005	6.3661494	1
FMNL2	0.038209822	0.04681122	0.06721512340276563	0.031500045	0.04225929978118162	-0.5700063	6.0500016	1
SPC25	0.04943249	0.035364628	0.03710834937861019	0.060418054	0.06318380743982495	0.7709847	9.573791	1
ITGA6	0.10200951	0.081237145	0.10712410292315772	0.11822806	0.13265864332603938	0.54080606	12.094508	1
OSBPL6	0.022759302	0.028880244	0.04130929459128304	0.017973796	0.024480306345733043	-0.6811702	5.2132077	1
ZNF385B	0.16956034	0.1304683	0.1531594608786977	0.20010795	0.2111597374179431	0.6166947	24.773806	1
MFSD6	0.028107107	0.035996947	0.05286189392613338	0.021946788	0.02762582056892779	-0.71130854	6.526905	1
RFTN2	0.034956213	0.043505084	0.062138981270785924	0.028286457	0.036105032822757115	-0.61929363	6.0943627	1
SGO2	0.10369782	0.08393332	0.09277087344652547	0.11912868	0.11679431072210066	0.5046979	8.7723255	1
AC006994.2	0.007107412	0.011561073	0.014178190092770873	0.0036282034	0.004649890590809628	-1.645148	6.280271	1
TUBA4A	0.035633106	0.027659584	0.04060913705583756	0.041866925	0.05278993435448578	0.59626687	5.925464	1
ASIC4	0.048587296	0.065975755	0.0892700857692981	0.034997713	0.041712253829321665	-0.91274405	16.465347	1
SP110	0.038853176	0.04668277	0.06704008401890425	0.032746907	0.04362691466083151	-0.51021975	5.04839	1
TIGD1	0.0337847	0.041575875	0.05583756345177665	0.02770637	0.0350109409190372	-0.58379716	5.1982117	1
IQCA1	0.02001492	0.02636334	0.0353579555399965	0.0150483195	0.018599562363238512	-0.80483735	5.492899	1
HES6	0.028399928	0.018680457	0.028881498337125854	0.035996772	0.04800328227571116	0.94263774	11.400277	1
CAPN10-DT	0.018760337	0.026404917	0.036058113075441975	0.01278006	0.01572757111597374	-1.0411208	7.957163	1
ITPR1	0.04610566	0.057357643	0.08261858918256608	0.037315138	0.048413566739606125	-0.61887664	7.670827	1
BHLHE40	0.11068419	0.13817367	0.1732889900227551	0.089188665	0.10339168490153172	-0.6309776	18.855509	1
SH3BP5	0.109331064	0.08470802	0.11202520567127604	0.12855878	0.16069474835886213	0.6012774	16.796488	1
COLQ	0.02895615	0.01961257	0.030106774024155434	0.03625983	0.04814004376367615	0.88322973	10.275834	1
RFTN1	0.14256379	0.10775281	0.1403815858568178	0.16975409	0.1950218818380744	0.6552322	25.61435	1
SGO1	0.035566464	0.026665978	0.03465779800455102	0.04252479	0.05101203501094092	0.67129236	6.477248	1
ZNF385D	0.024573138	0.031864386	0.04060913705583756	0.018875936	0.022565645514223194	-0.7522944	5.797597	1
ARPP21	0.13539447	0.17909442	0.20497111850166289	0.10123532	0.11433260393873085	-0.8223885	34.574776	1
STAC	0.026132826	0.03495529	0.04603535795553999	0.01924166	0.023112691466083152	-0.8579205	8.022931	1
ULK4	0.054446347	0.04091304	0.06266409942237003	0.065013185	0.08451859956236324	0.66686696	11.424055	1
MYL3	1.7003783	1.1889443	0.6166637493436024	2.0999696	0.8220733041575492	0.82063454	44.55244	1
PFKFB4	0.11918134	0.14319837	0.1739891475582006	0.10040103	0.1137855579868709	-0.511812	12.264596	1
ARIH2OS	0.030470889	0.040534187	0.05916331174514266	0.022615597	0.030087527352297593	-0.83901083	10.035179	1
USP19	0.06341198	0.076693885	0.11027481183266234	0.053018596	0.06892778993435449	-0.53177446	8.750372	1
LSMEM2	0.07781204	0.061180033	0.09137055837563451	0.09079639	0.1161105032822757	0.5688059	12.302562	1
ABHD14B	0.11095559	0.13578443	0.18484158935760547	0.091538645	0.11323851203501094	-0.56835216	16.609795	1
POC1A	0.038411986	0.030401494	0.04288464904603536	0.04467584	0.05894420131291028	0.5538406	5.359589	1
PTPRG	0.11102239	0.13532028	0.17889025030631892	0.09202133	0.11515317286652078	-0.5558366	14.876231	1
ADAMTS9-AS2	0.02911856	0.037501603	0.05128653947138106	0.022574255	0.028309628008752735	-0.72973907	6.712015	1
TAFA4	0.063414685	0.07672702	0.10852441799404866	0.052997112	0.06632932166301969	-0.5329803	8.607672	1
GPR27	0.040380314	0.051481836	0.07544197444424995	0.03171512	0.04116520787746171	-0.6971504	9.501558	1
CADM2	0.039993722	0.06659639	0.07981795904078418	0.019214725	0.020924507658643326	-1.7879076	38.543045	1
DHFR2	0.018862613	0.02464247	0.036058113075441975	0.014339351	0.019556892778993435	-0.7769836	5.5690737	1
ZPLD1	0.013360403	0.017971883	0.02783126203395764	0.00975191	0.013265864332603938	-0.87527144	5.109966	1
LINC00882	0.030543773	0.038149662	0.05303693330999475	0.024607742	0.030224288840262584	-0.63048387	5.5019226	1
BOC	0.035283085	0.048936833	0.07264134430246806	0.02462493	0.03213894967177243	-0.9878995	15.03365	1
POPDC2	0.7188943	0.54070246	0.5102398039558901	0.8581309	0.6687636761487965	0.6662641	44.55244	1
PLXND1	0.10233146	0.12466492	0.1717136355680028	0.08486435	0.10981947483588621	-0.5542827	14.91237	1
AMOTL2	0.040371872	0.030175203	0.04603535795553999	0.048342112	0.06660284463894967	0.67812514	8.907675	1
LINC00880	0.03899221	0.027215688	0.03973394013653072	0.048196837	0.05867067833698031	0.822199	11.050992	1
LINC02082	0.111879006	0.1367355	0.17048835988097322	0.09244217	0.10763129102844639	-0.56425965	13.984384	1
AC092954.1	0.024130512	0.032440484	0.04463504288464905	0.017637243	0.022292122538293217	-0.87545395	7.648008	1
AC233280.1	0.008864707	0.012828848	0.018029056537720987	0.0057678483	0.007521881838074398	-1.1396903	5.0603013	1
AC107464.3	0.026917782	0.033719573	0.04971118501662874	0.021605855	0.02776258205689278	-0.6397743	5.480225	1
TACC3	0.056738574	0.04123353	0.049186066865044634	0.06884414	0.07316739606126915	0.7381154	10.491269	1
TMEM128	0.10321426	0.13528466	0.19184316471206023	0.078137144	0.10079321663019694	-0.7911386	30.736574	1
SORCS2	0.022518178	0.03033173	0.044985121652371785	0.016410412	0.02160831509846827	-0.8822003	8.213115	1
LDB2	0.040956687	0.051519495	0.0712410292315771	0.03271157	0.042806345733041574	-0.6537114	7.6084685	1
NCAPG	0.06111767	0.0442719	0.044810082268510416	0.07427094	0.07316739606126915	0.74509263	10.526998	1
HOPX	0.014228963	0.0074774073	0.00892700857692981	0.019502157	0.02338621444201313	1.3712362	8.189966	1
DCK	0.056498583	0.06793986	0.10117276387187117	0.04754835	0.06523522975929978	-0.513954	7.7028112	1
ADAMTS3	0.14969961	0.18266852	0.2159985996849291	0.123928815	0.13963347921225383	-0.55934227	18.547739	1
ALB	0.11495596	0.038148545	0.04533520042009452	0.17496467	0.18585886214442013	2.194411	44.55244	1
AFP	0.056549504	0.041177224	0.047610712410292313	0.06855349	0.07535557986870897	0.73398715	9.314213	1
SHROOM3	0.018559288	0.012732579	0.021179765447225624	0.023108894	0.03364332603938731	0.85486656	7.1433764	1
ANXA3	0.066932976	0.054268092	0.07456677752494312	0.07681726	0.09586980306345733	0.5005471	7.8472557	1
THAP9-AS1	0.075787865	0.09102037	0.11850166287414668	0.06386399	0.08178336980306346	-0.5105136	8.471338	1
SPARCL1	0.03491811	0.044615332	0.04621039733940137	0.027351746	0.027489059080962802	-0.7038717	5.736566	1
MTTP	0.012385973	0.017153403	0.023805356205146157	0.00865726	0.011214442013129104	-0.97832954	5.413158	1
MANBA	0.17551546	0.21604457	0.28356380185541746	0.1438642	0.17669584245076586	-0.5862864	29.167742	1
LEF1	0.04300367	0.05182637	0.07491685629266585	0.036114607	0.04909737417943107	-0.51989555	5.7236185	1
COL25A1	0.017489782	0.027000135	0.03518291615613513	0.010051823	0.012308533916849015	-1.4165611	12.359064	1
ENPEP	0.027675603	0.034989	0.049361106248906	0.021964893	0.028309628008752735	-0.6692662	5.4090576	1
AC109347.1	0.009185516	0.01309849	0.018729214073166463	0.006128604	0.008205689277899343	-1.0833923	5.0405297	1
TRAM1L1	0.020423092	0.026070388	0.038683703833362504	0.016004685	0.021198030634573303	-0.7004549	5.0842876	1
NDST3	0.015569484	0.022481745	0.02923157710484859	0.010161536	0.011898249452954049	-1.1379102	8.201911	1
CCNA2	0.071410276	0.051659744	0.04621039733940137	0.08683322	0.07494529540481401	0.74807715	10.630624	1
SLC7A11	0.029321387	0.043611813	0.050586381935935586	0.018163258	0.02037746170678337	-1.2590791	14.496906	1
SCOC-AS1	0.02443755	0.031818435	0.045860318571678625	0.018671	0.025027352297592998	-0.7658844	6.6026573	1
CTSO	0.04852145	0.06029393	0.0875196919306844	0.039320838	0.050464989059080964	-0.6154452	8.837831	1
FSTL5	0.008269993	0.014184073	0.0162786626991073	0.0036497775	0.004649890590809628	-1.9295305	9.307796	1
MARCH1	0.02701905	0.038384598	0.041659373359005776	0.018143075	0.019830415754923413	-1.0769323	8.675466	1
FAM218A	0.01806048	0.023888854	0.03500787677227376	0.013499327	0.018052516411378557	-0.81882894	5.7357807	1
AC097534.2	0.16669215	0.2177402	0.27691230526868543	0.12681225	0.15563457330415756	-0.7794388	44.55244	1
LINC02268	0.0069832006	0.011387656	0.014178190092770873	0.0035424216	0.004649890590809628	-1.6571146	6.111299	1
VEGFC	0.055283796	0.06981757	0.08821984946612987	0.043917824	0.051832603938730855	-0.6675673	10.21164	1
CENPU	0.04879218	0.03854827	0.04621039733940137	0.056791063	0.06687636761487965	0.5577982	5.7739305	1
C4orf47	0.06298102	0.07691702	0.1032732364782076	0.052076425	0.06304704595185996	-0.5617792	8.953131	1
PDLIM3	0.31222343	0.22964303	0.2639593908629442	0.37678033	0.36597374179431075	0.71408534	44.55244	1
TRIP13	0.024533479	0.01866675	0.03080693155960091	0.029119201	0.041438730853391684	0.638738	5.1727715	1
IRX1	0.10196613	0.12392339	0.12865394713810607	0.08479155	0.09039934354485776	-0.5469194	10.542671	1
ANKRD33B	0.06569266	0.081930675	0.116751269035533	0.05298764	0.0687910284463895	-0.6277875	12.419221	1
MYO10	0.023327697	0.03225673	0.043409767197619464	0.01635119	0.021061269146608316	-0.975874	8.607987	1
RAI14	0.09537788	0.06674762	0.09837213373008927	0.11773891	0.14797592997811815	0.8178679	27.292305	1
SPEF2	0.04845643	0.061992474	0.0841939436373184	0.037878342	0.04827680525164114	-0.70924145	10.543123	1
C7	0.18131308	0.13405031	0.15403465779800454	0.21825369	0.2262035010940919	0.7028165	31.81894	1
AC093297.2	0.024061963	0.031871524	0.04708559425870821	0.017961148	0.023522975929978117	-0.82389796	7.351954	1
EMB	0.019844053	0.0135079	0.022580080518116576	0.024791965	0.034053610503282275	0.8712357	7.361096	1
PLK2	0.103552416	0.13497691	0.15508489410117277	0.07897986	0.0899890590809628	-0.7723989	20.928907	1
CCNB1	0.12143293	0.089418836	0.08314370733415018	0.1464357	0.11310175054704595	0.71098894	13.980855	1
SV2C	0.14141417	0.10783209	0.1251531594608787	0.16764377	0.18257658643326038	0.63613534	21.306664	1
THBS4	0.15213318	0.12290884	0.15350953964642045	0.17495906	0.19461159737417943	0.5090798	16.268665	1
LINC01338	0.039089043	0.04900757	0.06826535970593384	0.031350233	0.03938730853391685	-0.64287466	7.6126585	1
CETN3	0.19571112	0.24108253	0.3192718361631367	0.16029662	0.19789387308533918	-0.5884816	34.398407	1
MBLAC2	0.03114478	0.03944653	0.05916331174514266	0.024665652	0.032275711159737416	-0.6752106	6.9967113	1
RFESD	0.019222591	0.02547163	0.03798354629791703	0.01433278	0.019556892778993435	-0.82519495	6.458054	1
TRIM36	0.009825523	0.0061484207	0.009627166112375284	0.012698615	0.016958424507658644	1.0344242	5.091248	1
AC034236.2	0.016920008	0.023198651	0.032732364782075966	0.012007028	0.01477024070021882	-0.9444016	6.5272436	1
SEMA6A	0.07253846	0.09596872	0.12200245055137406	0.05421062	0.06714989059080963	-0.82283247	19.144232	1
DTWD2	0.100454405	0.121567935	0.16821284789077542	0.083939634	0.10790481400437636	-0.5338073	13.504272	1
KIF20A	0.041386563	0.029994793	0.03343252231752144	0.050287448	0.05470459518599562	0.74355054	7.897136	1
CDC25C	0.015983293	0.010765734	0.01750393838613688	0.020056892	0.027489059080962802	0.8914876	5.8832545	1
EGR1	0.09916824	0.12306816	0.12655347453176966	0.080474846	0.08301422319474835	-0.612228	12.1371355	1
IGIP	0.045139484	0.055789515	0.07929284088920006	0.036820844	0.04690919037199125	-0.5981421	7.2911983	1
HBEGF	0.042940702	0.034626234	0.04971118501662874	0.049438734	0.0625	0.512531	5.3384247	1
SPRY4-AS1	0.05093775	0.065197065	0.09154559775949589	0.039791353	0.05237964989059081	-0.7109421	11.192761	1
FGF1	0.017494528	0.011821007	0.01610362331524593	0.02192414	0.02899343544857768	0.8855795	5.639299	1
NR3C1	0.23907043	0.28781644	0.35392963416768775	0.20104799	0.23851203501094093	-0.5173928	31.320642	1
DPYSL3	0.11135601	0.07935762	0.1088744967617714	0.13634822	0.16411378555798686	0.78009605	28.421034	1
ABLIM3	0.015827386	0.024049051	0.03343252231752144	0.009396299	0.012035010940919038	-1.3465292	11.630195	1
SGCD	0.033354282	0.041856807	0.05566252406791528	0.02671964	0.0350109409190372	-0.6456151	6.367854	1
ADAM19	0.04892182	0.03170524	0.049186066865044634	0.062369656	0.08274070021881838	0.97389096	19.961147	1
ZBED8	0.02813907	0.036097024	0.04971118501662874	0.021927888	0.02762582056892779	-0.71654	6.3215165	1
PTTG1	0.31532973	0.23798856	0.1869420619639419	0.37579718	0.23946936542669583	0.6588397	27.257113	1
HMMR	0.100788586	0.074296236	0.06266409942237003	0.121478885	0.10010940919037199	0.70859116	12.566836	1
TENM2	0.021126015	0.028090702	0.03623315245930334	0.015680194	0.019146608315098467	-0.83710456	5.924701	1
AC011365.1	0.018230386	0.026230594	0.02958165587257133	0.011972277	0.015043763676148797	-1.1250422	6.655026	1
NEURL1B	0.030405115	0.022983175	0.03588307369158061	0.036207452	0.04909737417943107	0.65342414	6.1732216	1
THOC3	0.08020299	0.10103333	0.14283213723087695	0.063905925	0.0849288840262582	-0.6599811	16.199629	1
RGS14	0.08536266	0.1024497	0.14773323997899526	0.07199051	0.09299781181619256	-0.5084419	10.947385	1
FAM153A	0.058067236	0.07001108	0.08366882548573429	0.04872431	0.055661925601750546	-0.5220428	5.93578	1
COL23A1	0.07829096	0.10825569	0.13828111325048137	0.05485774	0.06578227571115974	-0.9793805	29.816788	1
ZNF354C	0.017008353	0.022519385	0.03168212847890776	0.012695159	0.017368708971553612	-0.82196164	5.227457	1
AC008393.1	0.02920453	0.038299207	0.05583756345177665	0.022104882	0.028172866520787748	-0.79019964	8.395277	1
LINC00847	0.056874406	0.06862296	0.09907229126553474	0.04768357	0.06044857768052517	-0.52427757	7.7851157	1
NEDD9	0.06193153	0.079163246	0.10502363031682128	0.048452098	0.060585339168490154	-0.7071184	12.880672	1
MYLIP	0.1522453	0.18778951	0.2475056887799755	0.1244617	0.15071115973741794	-0.5930239	25.049868	1
ID4	1.1973605	1.4352882	0.7720987222124978	1.0114696	0.6556345733041575	-0.5048453	44.55244	1
MBOAT1	0.05138147	0.06554841	0.09329599159810957	0.040304787	0.05237964989059081	-0.7002339	11.433992	1
KIAA0319	0.012081661	0.016801365	0.025380710659898477	0.008391007	0.011077680525164113	-0.99313223	5.786595	1
HIST1H4E	0.041096292	0.05052067	0.07421669875722038	0.0337412	0.04718271334792123	-0.58094585	6.952744	1
AL590062.1	0.027674682	0.035353586	0.05093646070365832	0.021679455	0.028172866520787748	-0.7029638	6.611842	1
IER3	0.24900112	0.19653375	0.24890600385086645	0.29003564	0.30716630196936545	0.5612164	34.406303	1
KIFC1	0.046616077	0.036331195	0.040084018904253456	0.0546502	0.0600382932166302	0.5876899	5.8025494	1
Z85996.3	0.037175115	0.049426273	0.06598984771573604	0.027613075	0.03446389496717724	-0.8376273	10.587942	1
FRS3	0.0155536495	0.024052652	0.03588307369158061	0.008905895	0.011487964989059081	-1.4232401	13.1100025	1
GTPBP2	0.05420984	0.06824808	0.09557150358830736	0.043231536	0.056345733041575495	-0.65748334	10.401564	1
MAD2L1BP	0.109213546	0.13400799	0.19009277087344653	0.08982441	0.11720459518599563	-0.5766105	18.349207	1
CLIC5	0.038843855	0.028748287	0.04060913705583756	0.046735544	0.057166301969365424	0.6991182	8.2987585	1
COL21A1	0.028602298	0.021558085	0.027131104498512165	0.034109592	0.040344638949671774	0.65949523	5.115543	1
AL021368.2	0.070695914	0.086579084	0.11587607211622615	0.05826595	0.07535557986870897	-0.5705569	9.680843	1
COL9A1	0.10097005	0.057030823	0.08016803780850691	0.13529548	0.15700218818380743	1.2448384	44.55244	1
LCA5	0.061921217	0.07413568	0.1088744967617714	0.052364364	0.06892778993435449	-0.50077504	7.882029	1
TTK	0.049823247	0.03546857	0.04130929459128304	0.061035197	0.06208971553610503	0.78140014	9.761103	1
LAMA4	0.43847305	0.3372877	0.3850866444950114	0.5175606	0.4952133479212254	0.6175993	44.55244	1
PTPRK	0.23913494	0.2908812	0.3520042009452127	0.19876619	0.23181072210065645	-0.54912776	33.830177	1
CCN2	0.062080976	0.03557272	0.04691055487484684	0.08278553	0.09245076586433261	1.2162992	29.05812	1
PDE7B	0.0032189956	0.0058180424	0.008401890425345704	0.0011891879	0.0020514223194748357	-2.1986575	5.110045	1
SLC35D3	0.08436265	0.11418389	0.14405741291790652	0.061040957	0.07713347921225383	-0.902411	27.19488	1
TNFAIP3	0.018220562	0.024183078	0.03413267985296692	0.013554607	0.018052516411378557	-0.83056355	5.790641	1
ADGRG6	0.071019396	0.08683372	0.1195518991773149	0.058642637	0.07699671772428884	-0.5655079	10.669591	1
LRP11	0.045418937	0.05585374	0.07841764396989323	0.037267886	0.04950765864332604	-0.5824356	7.3297434	1
ACAT2	0.11519262	0.07400154	0.1116751269035533	0.14736845	0.17902078774617067	0.99283075	44.55244	1
CAHM	0.050670434	0.06300131	0.0869945737791003	0.041031774	0.051148796498905906	-0.61741674	8.505315	1
AFDN-DT	0.053070873	0.06392683	0.0936460703658323	0.04458104	0.05661925601750547	-0.5190137	6.8123946	1
MAFK	0.032088403	0.024950974	0.03675827061088745	0.037669513	0.04827680525164114	0.59235567	5.2066526	1
ELFN1	0.013185917	0.017917082	0.024680553124453	0.009484978	0.012171772428884026	-0.91051835	5.0136585	1
FOXK1	0.12758078	0.15410629	0.2137230876947313	0.10684145	0.13566739606126915	-0.5280404	17.535	1
AC092171.4	0.024547517	0.032000825	0.04603535795553999	0.01872421	0.023659737417943107	-0.7700211	6.964755	1
AC004982.2	0.04107598	0.05289111	0.07316646245405216	0.03185297	0.0413019693654267	-0.7298002	9.576024	1
THSD7A	0.069381975	0.08555151	0.11587607211622615	0.056728162	0.07193654266958424	-0.5918726	10.656069	1
SOSTDC1	0.012769462	0.017800456	0.025905828811482585	0.0088344235	0.011761487964989058	-1.0025499	6.0997024	1
AC004540.1	0.041230187	0.04945733	0.07176614738316121	0.034810293	0.0474562363238512	-0.505446	5.3055463	1
HIBADH	0.13406532	0.17188491	0.2424295466479958	0.10450252	0.13320568927789933	-0.7173643	34.369102	1
CREB5	0.052197926	0.03862668	0.051461578855242426	0.06279649	0.07385120350109409	0.69965166	9.9366665	1
AC018647.1	0.010688612	0.0055490285	0.009102047960791178	0.014703279	0.02147155361050328	1.3898422	8.878531	1
ANLN	0.115072295	0.08661308	0.0892700857692981	0.13729747	0.12417943107221006	0.66403383	15.203964	1
INHBA	0.09984527	0.07476131	0.09224575529494136	0.11943405	0.13580415754923414	0.6751294	17.510277	1
MYL7	3.0573626	2.3483026	0.8543672326273412	3.61137	0.9669037199124726	0.62090653	44.55244	1
IGFBP3	0.05384664	0.07308261	0.07754244705058638	0.03880727	0.03842997811816193	-0.9114612	12.629726	1
UPP1	0.33474994	0.253915	0.3103448275862069	0.39794207	0.39400984682713347	0.6480072	44.55244	1
VWC2	0.09310035	0.06479118	0.08594433747593208	0.115209706	0.1349835886214442	0.8294196	26.116608	1
ZNF117	0.03824353	0.047451988	0.06248906003850867	0.031059494	0.04061816192560175	-0.60983396	6.1687326	1
CALN1	0.037905946	0.049950615	0.06651496586732014	0.028505595	0.03282275711159737	-0.80709046	10.364185	1
METTL27	0.009102714	0.013110381	0.01890425345702783	0.0059718243	0.007658643326039387	-1.1214701	5.3107243	1
SSC4D	0.025945919	0.03320699	0.049011027481183266	0.020275047	0.02598468271334792	-0.70902175	6.3061905	1
CD36	0.007861267	0.004557439	0.00735165412217749	0.010442808	0.015180525164113785	1.1786504	5.559079	1
SEMA3D	0.07743275	0.09768393	0.11360056012602836	0.06158771	0.06961159737417943	-0.66461426	12.975302	1
TMEM243	0.059556983	0.07772302	0.10957465429721687	0.045349125	0.061269146608315096	-0.7759444	16.01396	1
AC002451.1	0.009478254	0.014492988	0.020129529144057412	0.0055605127	0.007658643326039387	-1.3662707	7.422985	1
PDK4	0.014843337	0.023352724	0.03570803430771924	0.008187492	0.011077680525164113	-1.500748	14.163292	1
TSC22D4	0.24821872	0.30066878	0.3780850691405566	0.20730284	0.2486323851203501	-0.5362191	37.115753	1
AC018464.1	0.00887057	0.0034934522	0.006301417819009277	0.013071944	0.01764223194748359	1.8740258	11.542922	1
GPR85	0.06941017	0.08549381	0.11972693856117626	0.056822967	0.07207330415754923	-0.5884956	11.417371	1
CAV1	0.116113946	0.078914545	0.09049536145632768	0.14517008	0.14770240700218817	0.87854743	29.025637	1
LMOD2	0.25636816	0.16750635	0.18991773148958516	0.3258285	0.3133205689277899	0.95947856	44.55244	1
AHCYL2	0.04801384	0.060317393	0.08804481008226851	0.038397845	0.04950765864332604	-0.6501863	9.587664	1
DGKI	0.3053885	0.23983222	0.264834587782251	0.35664773	0.3368435448577681	0.5722773	36.83213	1
LINC01003	0.15396163	0.18587041	0.24558025555750043	0.12901965	0.1585065645514223	-0.5263645	20.625223	1
INSIG1	0.09505823	0.075291015	0.10834937861018729	0.11049219	0.1363512035010941	0.5527851	13.374875	1
AF131216.3	0.009920408	0.014042183	0.021004726063364256	0.0066994126	0.009026258205689279	-1.0565228	5.401606	1
NEFM	0.15228406	0.2016599	0.20427096096621739	0.11369174	0.11706783369803063	-0.8262436	33.20693	1
PBK	0.075073205	0.05184216	0.044810082268510416	0.09321656	0.08438183807439825	0.8452271	14.356714	1
AC026979.2	0.012690626	0.017958462	0.02485559250831437	0.008569777	0.011214442013129104	-1.0586083	6.2135553	1
TMEM68	0.063562185	0.076774925	0.11185016628741466	0.053223055	0.06947483588621445	-0.52775365	8.624828	1
AC009812.1	0.016721943	0.025177045	0.03483283738841239	0.010108477	0.01312910284463895	-1.3080602	10.616825	1
AC120053.1	0.020665964	0.026995607	0.03938386136880798	0.015715428	0.019556892778993435	-0.77672637	5.5984607	1
MTERF3	0.045844246	0.056367032	0.08489410117276387	0.037624087	0.050464989059080964	-0.5819229	8.059215	1
MATN2	0.2083669	0.261523	0.30894451251531596	0.16688387	0.19420131291028447	-0.6477806	38.249935	1
VPS13B-DT	0.04952292	0.06262127	0.09277087344652547	0.039284803	0.051148796498905906	-0.6713157	10.86707	1
KLF10	0.08651046	0.10542692	0.14440749168562927	0.071708955	0.09272428884026258	-0.55537546	12.512824	1
ABRA	0.011923838	0.005756416	0.008576929809207072	0.016741104	0.022428884026258207	1.5238969	10.685105	1
AARD	0.01926932	0.012848459	0.020479607911780152	0.024283212	0.03487417943107221	0.9131077	7.831162	1
COL14A1	0.051277414	0.079086475	0.09714685804305968	0.029539108	0.03555798687089715	-1.417752	32.961483	1
RNF139-AS1	0.009301802	0.0151053285	0.021004726063364256	0.0047678226	0.006017505470459519	-1.6432285	8.752699	1
TMEM71	0.035093013	0.01802593	0.025905828811482585	0.04843045	0.06482494529540482	1.4208354	26.65711	1
AC103706.1	0.009939847	0.01466082	0.02065464729564152	0.006250691	0.008342450765864333	-1.2167875	6.1767235	1
EPPK1	0.022585016	0.015467443	0.02223000175039384	0.028146226	0.03815645514223195	0.85952616	7.677749	1
VLDLR-AS1	0.052757442	0.064701386	0.08506914055662525	0.04341785	0.05333698030634573	-0.5744174	7.5602274	1
RFX3	0.095223226	0.11483064	0.1554349728688955	0.07988455	0.10352844638949672	-0.5229702	11.984004	1
CDKN2A	0.036121216	0.046243425	0.06423945387712235	0.028222647	0.036925601750547044	-0.7104087	8.403479	1
C9orf72	0.049028523	0.05871691	0.08559425870820934	0.04145696	0.05579868708971553	-0.50114095	6.1505527	1
RMRP	0.013623184	0.008847367	0.013302993173464029	0.017351415	0.022975929978118162	0.9638089	6.02791	1
BANCR	0.23880911	0.14625674	0.15736040609137056	0.31114876	0.2825492341356674	1.0885788	44.55244	1
ANXA1	0.30196562	0.20639776	0.2070715911079993	0.37666613	0.3350656455142232	0.8675431	44.55244	1
PSAT1	0.14078008	0.19797108	0.19376859793453527	0.09607903	0.09805798687089716	-1.0422239	44.55244	1
AL354733.3	0.055643935	0.07335413	0.08069315596009102	0.041794118	0.04786652078774617	-0.81009597	10.636918	1
DIRAS2	0.032908376	0.039980672	0.0600385086644495	0.027390823	0.03637855579868709	-0.5439567	5.0310354	1
PTCH1	0.036225326	0.04437356	0.06406441449326099	0.029869523	0.03801969365426696	-0.5694518	5.790118	1
CAVIN4	0.010975029	0.0070164385	0.010677402415543498	0.014067068	0.019283369803063458	0.9933139	5.1084967	1
ABCA1	0.043595172	0.0785947	0.0981970943462279	0.016242888	0.019967177242888403	-2.2676036	44.55244	1
ZNF483	0.066793166	0.0847117	0.11185016628741466	0.052774005	0.06838074398249452	-0.68170476	13.07662	1
AKNA	0.06130503	0.07710666	0.1009977244880098	0.048945077	0.06345733041575492	-0.65461695	10.827084	1
ASS1	0.16097817	0.1959751	0.24558025555750043	0.13363075	0.15604485776805252	-0.552075	22.27112	1
AIF1L	0.01805713	0.012477242	0.0190792928408892	0.022413414	0.030224288840262584	0.8399693	6.2368674	1
LCN12	0.035716236	0.043176718	0.06266409942237003	0.029896544	0.03842997811816193	-0.52879494	5.168446	1
PTGDS	0.34251553	0.42143127	0.33204971118501664	0.28094348	0.2512308533916849	-0.5848463	32.993874	1
SAPCD2	0.025705025	0.01911675	0.02520567127603711	0.030854259	0.03760940919037199	0.6877736	5.0561213	1
LINC00702	0.0076429234	0.0022045278	0.003675827061088745	0.011892171	0.015590809628008753	2.3795497	12.389432	1
LINC02649	0.015519549	0.021313425	0.02783126203395764	0.010985792	0.013949671772428883	-0.94980377	5.345179	1
CAMK1D	0.07221854	0.057961088	0.08121827411167512	0.083347484	0.10421225382932166	0.5232969	8.985785	1
MCM10	0.01890653	0.013465501	0.020129529144057412	0.023154259	0.03090809628008753	0.7775526	5.306192	1
AL450384.2	0.1226535	0.15448539	0.18816733765097146	0.09776678	0.11515317286652078	-0.6595128	19.724669	1
PLXDC2	0.16491783	0.20088777	0.21757395413968142	0.13681331	0.15139496717724288	-0.5538449	19.35601	1
ZEB1-AS1	0.04240116	0.052251037	0.07736740766672501	0.034711342	0.046225382932166305	-0.5886606	7.382179	1
C10orf71	0.034721613	0.027096516	0.03990897952039209	0.04068441	0.05265317286652079	0.58459604	5.832804	1
DKK1	0.06780781	0.054160595	0.06476457202870646	0.07846077	0.08014223194748359	0.5339042	7.3132477	1
DNA2	0.021470603	0.015432499	0.025905828811482585	0.02618719	0.034737417943107224	0.75907	5.801359	1
CFAP70	0.021574924	0.02957065	0.03798354629791703	0.015325182	0.019967177242888403	-0.94374895	7.4693656	1
SYNPO2L	0.37549824	0.23661467	0.281463329249081	0.4840325	0.4522702407002188	1.0322528	44.55244	1
ZNF503	0.16075914	0.20453958	0.24312970418344126	0.12654771	0.14674507658643327	-0.6922643	31.753292	1
ZNF503-AS2	0.024132574	0.030369723	0.04551023980395589	0.01925845	0.023933260393873085	-0.654413	5.1806912	1
ADIRF-AS1	0.014919538	0.024280315	0.030631892175739542	0.007598445	0.009299781181619256	-1.6630778	12.624172	1
IFIT5	0.07922398	0.09627239	0.13740591633117452	0.06588145	0.08479212253829321	-0.5465593	11.426478	1
ANKRD1	0.6376003	0.16746485	0.1375809557150359	1.0049322	0.5393873085339168	2.5844502	44.55244	1
PCGF5	0.30357602	0.23320585	0.3052686854542272	0.35859177	0.39565098468271337	0.620522	44.55244	1
KIF11	0.074123114	0.058891915	0.06388937510939961	0.086013526	0.08766411378555798	0.54572266	7.5456295	1
CEP55	0.057744198	0.03972149	0.03990897952039209	0.07181674	0.06728665207877461	0.85278046	12.120658	1
LDB1	0.13926606	0.17275687	0.2317521442324523	0.113085955	0.1414113785557987	-0.610883	24.600147	1
NRAP	0.0059146984	0.0010751942	0.001750393838613688	0.009695923	0.012855579868708972	3.0592823	13.873428	1
GFRA1	0.0048221014	0.008260414	0.010852441799404866	0.0021365273	0.002598468271334792	-1.902314	6.034382	1
OAT	0.13237011	0.16399558	0.22807631717136356	0.10764743	0.13908643326039388	-0.6068829	24.139944	1
MKI67	0.13977256	0.10372166	0.06581480833187467	0.16793104	0.10352844638949672	0.6946202	12.928171	1
KNDC1	0.037235774	0.04930168	0.06966567477682478	0.02781869	0.03569474835886215	-0.8233289	10.944423	1
FUOM	0.11917138	0.093946464	0.1346052861893926	0.13887015	0.17314004376367614	0.56332946	17.769634	1
IFITM1	0.035261907	0.052429378	0.07701732889900227	0.021857873	0.02899343544857768	-1.2583863	24.00669	1
AP006284.1	0.008414176	0.013062068	0.017153859618414143	0.0047831447	0.006017505470459519	-1.4305038	6.5437083	1
CEND1	0.051973246	0.041363385	0.05653772098722212	0.06025826	0.07275711159737418	0.54171336	6.863713	1
ART5	0.012388716	0.01723905	0.023280238053562052	0.008594598	0.010940919037199124	-0.9958336	5.125128	1
SPON1	0.063715175	0.037364952	0.044985121652371785	0.0842971	0.08916849015317287	1.1716517	28.009872	1
SAA1	0.004625681	0.0014658179	0.0022755119901977944	0.0070947222	0.009846827133479213	2.2000225	7.850525	1
CSRP3	0.80378854	0.57355714	0.4993873621564852	0.9836848	0.6790207877461707	0.77815396	44.55244	1
FIBIN	0.049965493	0.03984684	0.055487484684053914	0.057867944	0.07152625820568928	0.53717387	6.735609	1
BBOX1-AS1	0.04537478	0.031707734	0.04726063364256958	0.056052875	0.07029540481400437	0.8199823	13.381395	1
YPEL4	0.024445783	0.03126525	0.04305968842989673	0.019118479	0.022428884026258207	-0.706673	5.4331446	1
FAM111B	0.03441134	0.024995374	0.02905653772098722	0.04177307	0.044447483588621446	0.7386013	6.500811	1
TMEM216	0.03792816	0.053153675	0.0791178015053387	0.026042266	0.03460065645514223	-1.026497	17.568113	1
INCENP	0.028336724	0.021090895	0.0330824435497987	0.034001697	0.04540481400437637	0.6863991	6.3293285	1
RCOR2	0.08365071	0.10133968	0.13775599509889724	0.06980708	0.0850656455142232	-0.53711164	11.302435	1
CDCA5	0.029746773	0.02114272	0.03080693155960091	0.036473334	0.04649890590809628	0.7838237	7.848496	1
AP002813.1	0.008402605	0.012338576	0.01785401715385962	0.005327795	0.006974835886214442	-1.1963831	5.683178	1
LRP5	0.045503307	0.057571452	0.08541921932434798	0.03607393	0.047592997811816196	-0.67290694	9.830291	1
UCP2	0.090796016	0.067846686	0.09994748818484159	0.108717635	0.14059080962800874	0.6794373	19.672434	1
DGAT2	0.06973124	0.08422503	0.1178015053387012	0.058386203	0.07494529540481401	-0.52786463	9.514581	1
RAB38	0.0551022	0.069560796	0.09784701557850517	0.043795593	0.056345733041575495	-0.66627085	11.532423	1
AP003120.1	0.013259653	0.022305263	0.031857167862769126	0.0061848667	0.007521881838074398	-1.8338836	16.263391	1
AP001527.2	0.028942715	0.036477868	0.05303693330999475	0.023060355	0.03049781181619256	-0.65931374	6.2484283	1
GRIA4	0.045526955	0.06529499	0.08104323472781376	0.030080885	0.034053610503282275	-1.115545	20.165285	1
SLN	0.11182463	0.05741965	0.059513390512865395	0.15432672	0.13539387308533918	1.4247956	44.55244	1
CRYAB	0.8820369	0.6595221	0.5779800455102398	1.0559039	0.7327680525164114	0.67890346	44.55244	1
DRD2	0.00282781	0.00091547804	0.0014003150708909505	0.004322041	0.0057439824945295405	2.1225533	5.1175594	1
TAGLN	0.56490004	0.33980379	0.3033432522317521	0.7407917	0.5016411378555798	1.1241363	44.55244	1
NECTIN1	0.0547079	0.06699722	0.09784701557850517	0.045096353	0.05812363238512035	-0.5700466	8.696147	1
CDON	0.024421666	0.030734412	0.045860318571678625	0.019490346	0.02584792122538293	-0.65439844	5.3534884	1
KCNJ5	0.04466564	0.05429728	0.07334150183791353	0.037143126	0.04581509846827134	-0.5465603	6.170937	1
B4GALNT3	0.073827386	0.052650534	0.0791178015053387	0.0903647	0.11487964989059081	0.7781693	19.925856	1
FOXM1	0.048400566	0.03302342	0.04270960966217399	0.06041018	0.07084245076586433	0.8693261	13.626785	1
TEAD4	0.02483087	0.015356415	0.02398039558900753	0.032234624	0.04403719912472648	1.0648742	12.27682	1
PRMT8	0.014516294	0.020125395	0.02678102573078943	0.010127992	0.012445295404814004	-0.9836448	5.607849	1
AC005908.3	0.003785381	0.0067531457	0.009277087344652548	0.0014675166	0.0016411378555798686	-2.1282856	5.4596095	1
FGF23	0.023015035	0.03496435	0.03833362506563977	0.013677502	0.01600109409190372	-1.3476907	12.688262	1
RAD51AP1	0.063259654	0.049672358	0.057938036058113075	0.07386518	0.08096280087527352	0.57150155	7.643259	1
ZNF384	0.050571498	0.061880797	0.09119551899177315	0.04173069	0.05415754923413567	-0.56725943	8.011765	1
CDCA3	0.06147831	0.04942033	0.047610712410292313	0.07089004	0.07056892778993436	0.5195957	5.482365	1
CLEC2D	0.06918008	0.085754015	0.10939961491335551	0.056210537	0.06701312910284464	-0.60848063	9.643216	1
CPNE8	0.039072126	0.054559283	0.06528969018029057	0.026982063	0.032685995623632384	-1.013129	13.591055	1
LRRK2	0.046358943	0.061551493	0.08121827411167512	0.034488443	0.04225929978118162	-0.8338457	13.032918	1
CNTN1	0.016821215	0.011167886	0.016628741466830035	0.021235304	0.027489059080962802	0.9210259	6.425812	1
COL2A1	0.11691952	0.08767712	0.11079992998424645	0.13975722	0.1534463894967177	0.6720378	20.747185	1
RACGAP1	0.051615585	0.041150216	0.05653772098722212	0.059787765	0.0700218818380744	0.5378596	6.428419	1
CERS5	0.088642366	0.106127836	0.14318221599859968	0.07495973	0.09463894967177243	-0.5010508	9.8047285	1
NR4A1	0.046505608	0.05580405	0.0712410292315771	0.03924126	0.05306345733041575	-0.50690967	5.155939	1
TNS2	0.043950707	0.059158046	0.08051811657622965	0.03207098	0.04116520787746171	-0.8812512	13.303589	1
IGFBP6	0.26967725	0.19132598	0.23717836513215473	0.33092555	0.34067286652078776	0.7901558	44.55244	1
NXPH4	0.008259506	0.012166278	0.015928583931384563	0.0052073337	0.006017505470459519	-1.2086384	5.07399	1
SHMT2	0.24346979	0.31234354	0.3332749868720462	0.18972674	0.21334792122538293	-0.7189122	44.55244	1
INHBE	0.008463432	0.014275097	0.01785401715385962	0.003923175	0.004513129102844639	-1.8371654	9.423053	1
DDIT3	0.24240826	0.29179943	0.2989672676352179	0.20388426	0.21444201312910285	-0.5170135	23.965916	1
AC083805.1	0.011465337	0.016344622	0.02363031682128479	0.00765128	0.009983588621444201	-1.0851094	6.058029	1
XPOT	0.15281707	0.18911187	0.2396289165062139	0.12444708	0.15426695842450766	-0.6033115	24.84222	1
PTPRR	0.026521424	0.018117812	0.027306143882373533	0.033090197	0.04225929978118162	0.86540765	9.094013	1
GLIPR1L2	0.02313815	0.030627286	0.04410992473306494	0.017284224	0.02160831509846827	-0.82174164	7.2205234	1
NAV3	0.092875555	0.11216125	0.13845615263434272	0.077786915	0.0925875273522976	-0.52740705	10.79492	1
ACSS3	0.056965657	0.07162199	0.10239803955890076	0.04550343	0.05949124726477024	-0.6532732	11.107041	1
PPFIA2	0.04822992	0.062859416	0.08314370733415018	0.03679673	0.04321663019693654	-0.7709292	11.632998	1
KITLG	0.061104864	0.04232988	0.05881323297741992	0.075766794	0.09532275711159738	0.8383879	18.059408	1
AC025164.1	0.035757426	0.047600552	0.06301417819009276	0.026513943	0.03350656455142232	-0.8418238	9.347703	1
CRADD	0.045015424	0.05836466	0.08611937685979346	0.03458811	0.047045951859956234	-0.7531236	12.195131	1
ALDH1L2	0.020498887	0.028769046	0.03728338876247156	0.0140310135	0.017368708971553612	-1.0306585	8.375799	1
NUAK1	0.090388924	0.06775022	0.09749693681078242	0.10806707	0.137582056892779	0.6728359	18.175335	1
AC007541.1	0.077609114	0.09359105	0.12987922282513564	0.06509934	0.08233041575492342	-0.52305377	10.070602	1
MYL2	0.16169576	0.087842025	0.10834937861018729	0.21939701	0.1976203501094092	1.3195766	44.55244	1
TPCN1	0.03935728	0.047339384	0.06739016278662699	0.03313138	0.04390043763676149	-0.51353914	5.0124846	1
LINC00173	0.05280123	0.07310831	0.09644670050761421	0.03692557	0.04458424507658643	-0.98348546	19.786726	1
HSPB8	0.08501379	0.11241808	0.15473481533345002	0.06357991	0.08219365426695842	-0.82124656	25.965706	1
SHISA2	0.010050656	0.014647998	0.019779450376334676	0.0064586066	0.007795404814004377	-1.1690578	5.4415956	1
BRCA2	0.047934014	0.036755614	0.04726063364256958	0.05666394	0.0661925601750547	0.6230903	7.20937	1
POSTN	0.15063116	0.10003698	0.11237528443899877	0.1901542	0.17956783369803064	0.9259534	40.745445	1
LACC1	0.0148836635	0.0101331305	0.015228426395939087	0.018591981	0.024890590809628008	0.86917204	5.2654967	1
INTS6-AS1	0.02711782	0.03676603	0.048135830561876425	0.01958295	0.024480306345733043	-0.90534574	8.765186	1
NEK5	0.022593044	0.029834557	0.036933309994748816	0.016932104	0.01900984682713348	-0.81355536	5.255593	1
RBM26-AS1	0.021797514	0.028202225	0.04060913705583756	0.016789263	0.02283916849015317	-0.74480903	5.6026106	1
IRS2	0.0891093	0.1260132	0.16243654822335024	0.060253263	0.07713347921225383	-1.0632156	40.188095	1
MCF2L-AS1	0.042425204	0.053617362	0.07789252581830912	0.033687208	0.044173960612691465	-0.6689112	9.453579	1
ADPRHL1	0.62065786	0.46009457	0.4843339751444075	0.74612343	0.6461980306345733	0.69736385	44.55244	1
METTL17	0.12650856	0.15564473	0.2114475757045335	0.10372913	0.13088074398249452	-0.5849721	19.747292	1
ARHGEF40	0.09278389	0.11286891	0.1554349728688955	0.07707066	0.09901531728665208	-0.54980147	12.818953	1
PPP1R3E	0.14877596	0.18100232	0.22230001750393838	0.12358495	0.14400984682713347	-0.55013514	18.652725	1
MYH7	0.85156065	0.3398775	0.25713285489235077	1.2513597	0.6021608315098468	1.8801008	44.55244	1
PCK2	0.042474348	0.056790583	0.07491685629266585	0.031293873	0.036925601750547044	-0.8577069	12.731797	1
REC8	0.033314835	0.026285943	0.040784176439698935	0.038810786	0.052926695842450765	0.5604007	5.3401914	1
SLC25A21-AS1	0.05780106	0.073139064	0.10309819709434623	0.045805782	0.05798687089715536	-0.67393744	12.027156	1
CDKN3	0.14494665	0.114314884	0.11115000875196919	0.16887112	0.14578774617067833	0.5625019	12.767224	1
DLGAP5	0.09757454	0.0680833	0.05023630316821285	0.12060831	0.08821115973741794	0.8240346	14.634334	1
SUSD6	0.05315327	0.06610361	0.09609662173989147	0.043028057	0.05894420131291028	-0.61828303	9.80311	1
AC005520.2	0.030876758	0.041183867	0.0572378785226676	0.022831218	0.029677242888402625	-0.8482651	9.604028	1
JDP2	0.06401223	0.08179624	0.11132504813583056	0.050100014	0.06414113785557987	-0.7061094	14.248945	1
RPS6KA5	0.04335619	0.05275147	0.07579205321197269	0.036020424	0.04636214442013129	-0.54912865	5.9930716	1
ASB2	0.21955189	0.16588354	0.21442324523017678	0.26151648	0.28870350109409193	0.6564132	41.72121	1
DICER1-AS1	0.068310864	0.0852703	0.11272536320672151	0.055039722	0.06838074398249452	-0.6306423	11.647707	1
CLMN	0.037448555	0.045978107	0.060388587432172236	0.03079489	0.038566739606126915	-0.5767132	5.556411	1
TUNAR	0.023312172	0.015823739	0.02398039558900753	0.029164203	0.036788840262582057	0.8779579	8.072048	1
DLK1	0.054736037	0.07245367	0.06931559600910205	0.040884063	0.037472647702407005	-0.82398564	8.153371	1
MAGEL2	0.010484213	0.01580318	0.023805356205146157	0.0063270098	0.009163019693654267	-1.3070958	7.9677806	1
ARHGAP11A	0.063516416	0.048636038	0.05671276037108349	0.075133964	0.07986870897155361	0.62639517	8.720704	1
SCG5	0.083294146	0.10204783	0.12882898652196745	0.06861907	0.08205689277899343	-0.57187617	11.454352	1
LPCAT4	0.12066327	0.17772034	0.23700332574829336	0.07606283	0.0938183807439825	-1.2232614	44.55244	1
GOLGA8B	0.08346359	0.101933844	0.12935410467355155	0.069009855	0.08315098468271334	-0.5620844	10.09464	1
THBS1	0.032656867	0.024446087	0.028181340801680378	0.039075885	0.04567833698030634	0.6744729	5.6070313	1
BMF	0.060782764	0.075605325	0.10537370908454402	0.049187645	0.060175054704595186	-0.61916864	10.744852	1
BUB1B	0.06369868	0.04718593	0.05303693330999475	0.076591924	0.07932166301969365	0.69766366	10.517586	1
KNL1	0.06660251	0.051413152	0.052161736390687906	0.07845983	0.075082056892779	0.60885096	7.6878757	1
CHAC1	0.04057399	0.050515942	0.05933835112900403	0.03281485	0.0325492341356674	-0.6208533	5.926948	1
NUSAP1	0.1472197	0.108876735	0.0780675652021705	0.1771692	0.11679431072210066	0.7019217	14.6404295	1
CCNB2	0.10392561	0.084102064	0.07876772273761597	0.11940244	0.10968271334792122	0.5051125	7.900622	1
AC103740.2	0.0066522793	0.0036237945	0.005951339051286539	0.009018679	0.014359956236323851	1.2920514	5.4958453	1
FBXL22	0.11827196	0.08617425	0.11990197794503764	0.1433411	0.17177242888402625	0.73345643	27.55821	1
PCLAF	0.18618447	0.14991234	0.11990197794503764	0.21454155	0.16589168490153172	0.5168482	12.868882	1
IGDCC3	0.024984429	0.03185692	0.044284964116926305	0.019615708	0.02612144420131291	-0.69678295	5.570388	1
KIF23	0.06575978	0.047331702	0.05023630316821285	0.080150835	0.07891137855579869	0.7586647	11.779339	1
C15orf39	0.039612383	0.047834657	0.06826535970593384	0.03319788	0.04458424507658643	-0.52563876	5.561375	1
AC104041.1	0.022912588	0.029375289	0.040784176439698935	0.017861364	0.02283916849015317	-0.71460897	5.1545124	1
SH3GL3	0.24987158	0.199748	0.26570978470155787	0.2890752	0.3264496717724289	0.5330406	35.228035	1
IQGAP1	0.14287575	0.17235744	0.2114475757045335	0.119828396	0.1449671772428884	-0.5240671	16.609064	1
ARHGDIG	0.019420741	0.013371267	0.020129529144057412	0.024144327	0.03145514223194748	0.84776163	6.5801525	1
SYNGR3	0.03390004	0.026400534	0.037633467530194295	0.03976339	0.05032822757111598	0.589043	5.635892	1
CLDN6	0.1347457	0.103890814	0.13162961666374934	0.15884443	0.1801148796498906	0.6120663	21.385906	1
TNFRSF12A	0.38443378	0.3008301	0.3220724663049186	0.4497909	0.4134299781181619	0.5801468	44.55244	1
ZNF213-AS1	0.064816795	0.07837822	0.11132504813583056	0.054204226	0.06961159737417943	-0.53122795	8.553006	1
TFAP4	0.032131646	0.042973593	0.06143882373534045	0.023669003	0.03036105032822757	-0.8577223	10.954661	1
GLIS2	0.062173188	0.0746822	0.10537370908454402	0.052383933	0.06591903719912473	-0.510819	7.6328135	1
NPIPB2	0.039566748	0.049102843	0.06879047785751795	0.032125644	0.04116520787746171	-0.61053234	6.887209	1
MYH11	0.11575002	0.09342843	0.09067040084018904	0.1331785	0.11323851203501094	0.51096714	8.652173	1
PLK1	0.04279559	0.026728058	0.02958165587257133	0.055348683	0.051832603938730855	1.0474107	13.260726	1
ZKSCAN2-DT	0.034022987	0.042374443	0.060388587432172236	0.027507057	0.036105032822757115	-0.621558	6.111089	1
NUPR1	0.09456181	0.14815596	0.13250481358305619	0.05266655	0.047592997811816196	-1.4903945	44.55244	1
ATXN2L	0.12942044	0.15845011	0.20619639418869246	0.106724985	0.13320568927789933	-0.56968975	18.425175	1
PRRT2	0.058462545	0.07531941	0.09924733064939611	0.045278735	0.05538840262582057	-0.73291945	12.434306	1
DOC2A	0.016464124	0.025328536	0.03325748293366007	0.009530833	0.012171772428884026	-1.400716	11.825539	1
CCDC189	0.038717996	0.030721752	0.04848590932959916	0.044969663	0.0600382932166302	0.5482079	5.783306	1
PRSS36	0.0062805847	0.009684184	0.013828111325048137	0.0036218923	0.004923413566739606	-1.3944151	5.554837	1
SHCBP1	0.047016747	0.032024108	0.04113425520742167	0.0587278	0.06906455142231947	0.8728417	13.009365	1
ZNF423	0.01928515	0.025418665	0.038508664449501136	0.014485572	0.019830415754923413	-0.8070109	6.314902	1
SLC6A2	0.34426546	0.27775732	0.27218624190442847	0.39626905	0.35216083150984684	0.5125001	32.441517	1
RRAD	0.47379738	0.28645495	0.314195694031157	0.62018985	0.5244803063457331	1.1141309	44.55244	1
VAT1L	0.031541664	0.021009931	0.031857167862769126	0.039774068	0.04964442013129103	0.917529	11.036958	1
CENPN	0.06906304	0.051884323	0.06739016278662699	0.08247487	0.10038293216630197	0.66762626	12.355536	1
GINS2	0.07590459	0.06138659	0.07036583231227025	0.08723632	0.09395514223194748	0.50631	7.1641865	1
SLC7A5	0.026039476	0.03504825	0.04603535795553999	0.019002898	0.023933260393873085	-0.8796615	8.436576	1
MVD	0.12666477	0.10259952	0.15105898827236128	0.14545763	0.17984135667396062	0.5031611	15.645386	1
AC009113.1	0.044415545	0.053581737	0.07684228951514091	0.037256356	0.047592997811816196	-0.5230776	5.9982786	1
RPH3AL	0.018979443	0.026757099	0.036933309994748816	0.012895316	0.016821663019693654	-1.0473118	8.441882	1
TLCD2	0.046951253	0.058775075	0.07719236828286365	0.037711617	0.04690919037199125	-0.6388274	8.202805	1
RTN4RL1	0.02691946	0.033794656	0.049361106248906	0.021551084	0.02776258205689278	-0.64661866	5.719191	1
CAMKK1	0.036659136	0.044826277	0.06651496586732014	0.030288285	0.03938730853391685	-0.5640443	5.889274	1
PIMREG	0.03247604	0.023192743	0.025905828811482585	0.039732225	0.045541575492341356	0.7740556	6.9508777	1
ASGR1	0.050855316	0.06120843	0.08296866795028882	0.042759895	0.054294310722100655	-0.51645714	6.192308	1
TMEM88	0.11220513	0.067511715	0.09469630666900053	0.14711799	0.1739606126914661	1.1226088	44.55244	1
AURKB	0.041972734	0.029242067	0.03080693155960091	0.051920645	0.05333698030634573	0.8261139	8.973528	1
HS3ST3A1	0.086613566	0.10728354	0.1424820584631542	0.07044115	0.08520240700218819	-0.60623586	14.095451	1
CCDC144A	0.04929655	0.06738867	0.07561701382811133	0.035155654	0.0413019693654267	-0.9367906	12.723597	1
FAM106A	0.012005497	0.018414985	0.025730789427621213	0.00699375	0.00861597374179431	-1.384073	7.992907	1
MAPK7	0.074822195	0.09117814	0.13162961666374934	0.06202142	0.0813730853391685	-0.5551786	11.221106	1
MFAP4	0.0597623	0.09714284	0.11307544197444425	0.030537294	0.034737417943107224	-1.6663032	44.55244	1
SPAG5	0.025576187	0.01807449	0.02783126203395764	0.031439684	0.04048140043763676	0.79525346	6.8973045	1
CORO6	0.14350855	0.11562657	0.15841064239453878	0.16528507	0.1974835886214442	0.5151089	16.624832	1
MYO1D	0.03320129	0.04655155	0.06686504463504288	0.02277937	0.030087527352297593	-1.0278778	15.173571	1
RASL10B	0.108876415	0.08541808	0.12252756870295817	0.12719396	0.16069474835886213	0.57386255	16.945642	1
PCGF2	0.11159409	0.15114628	0.21477332399789953	0.080672264	0.1050328227571116	-0.9049678	43.707344	1
TCAP	0.8759449	0.68614256	0.5925083143707334	1.0242499	0.6935175054704595	0.5779182	44.55244	1
TOP2A	0.16577305	0.12487115	0.07999299842464555	0.1977315	0.11857221006564551	0.6626771	12.97471	1
AC100793.2	0.051841028	0.06220458	0.08664449501137755	0.043736517	0.05538840262582057	-0.507205	6.095047	1
C1QL1	0.031252004	0.039244335	0.05513740591633117	0.0250154	0.03309628008752735	-0.64758366	6.1248636	1
AC138150.1	0.021042733	0.03215628	0.04533520042009452	0.012355153	0.01586433260393873	-1.3728374	15.17901	1
HOXB2	0.2895222	0.36444375	0.42727113600560124	0.2310683	0.2673687089715536	-0.65714836	44.55244	1
NGFR	0.07926409	0.053779505	0.06493961141256782	0.099167176	0.10763129102844639	0.8815801	21.48025	1
TSPOAP1	0.025382968	0.03286496	0.04533520042009452	0.019538864	0.023659737417943107	-0.747222	5.8778324	1
PRR11	0.05530257	0.036451515	0.04060913705583756	0.07002318	0.07056892778993436	0.9399602	15.276158	1
RNFT1	0.07096813	0.08955909	0.12672851391563103	0.056421053	0.07439824945295405	-0.6656615	14.190684	1
AC080038.1	0.012937919	0.019057117	0.02625590757920532	0.00815147	0.009710065645514224	-1.2151575	7.5001955	1
POLG2	0.08671866	0.103814185	0.14510764922107475	0.07333979	0.09354485776805252	-0.5007587	10.160338	1
CDC42EP4	0.03817846	0.046200436	0.06861543847365657	0.031921647	0.044173960612691465	-0.53197825	5.6136823	1
AC021683.3	0.009302362	0.01341781	0.0190792928408892	0.0060871495	0.007932166301969365	-1.1275147	5.3288107	1
TMC6	0.09525148	0.07564982	0.11325048135830562	0.11055553	0.14018052516411378	0.5467612	13.669518	1
TK1	0.05108791	0.038130134	0.043234727813758096	0.06120582	0.06701312910284464	0.6813137	8.209402	1
BIRC5	0.13637897	0.09179563	0.07176614738316121	0.17120437	0.1323851203501094	0.8984938	25.651276	1
CBX8	0.024599735	0.031444374	0.04726063364256958	0.019251496	0.02516411378555799	-0.7049378	6.0239115	1
PCYT2	0.10773242	0.080657974	0.11990197794503764	0.12887715	0.1652078774617068	0.6754388	23.590397	1
AP000894.4	0.020224918	0.02699127	0.03885874321722387	0.014931664	0.019146608315098467	-0.84982336	6.791169	1
AC023043.1	0.012011544	0.0066506388	0.009802205496236654	0.0161983	0.022155361050328226	1.2716255	8.490362	1
SKA1	0.019711489	0.014063932	0.021704883598809732	0.024120914	0.034053610503282275	0.77403146	5.5287123	1
HMSD	0.006383339	0.0033709782	0.006476457202870646	0.0087372055	0.013676148796498906	1.348248	6.2619495	1
LINC00683	0.040989257	0.05325019	0.070715911079993	0.03141681	0.03733588621444201	-0.7593718	10.000275	1
ARHGAP45	0.049352545	0.038678672	0.05111150008751969	0.05768725	0.06838074398249452	0.5754878	7.014875	1
REEP6	0.029900378	0.044567674	0.06493961141256782	0.018448224	0.024070021881838075	-1.26795	20.38282	1
MEX3D	0.031962447	0.041512553	0.06143882373534045	0.024508774	0.03336980306345733	-0.757846	9.117721	1
AC012615.1	0.03363093	0.041388914	0.05968842989672676	0.027578227	0.03528446389496718	-0.58397436	5.651088	1
CELF5	0.04335598	0.05213082	0.06984071416068616	0.036504373	0.044173960612691465	-0.51288533	5.169403	1
ANGPTL4	0.18556656	0.22731343	0.26973569053036933	0.15297174	0.1702680525164114	-0.5711094	25.09962	1
SHFL	0.07392913	0.08987126	0.12357780500612638	0.061451055	0.0787746170678337	-0.54768056	10.010755	1
LDLR	0.23959228	0.17690876	0.22877647470680904	0.28860193	0.3161925601750547	0.7057599	44.55244	1
EPOR	0.15208343	0.20102671	0.264834587782251	0.11382962	0.13963347921225383	-0.8199617	44.55244	1
CCDC151	0.05949114	0.07369423	0.09732189742692106	0.04838005	0.05785010940919037	-0.6061168	9.569784	1
ZNF441	0.047005598	0.057362396	0.07824260458603186	0.038913038	0.04909737417943107	-0.55866176	6.386981	1
ZNF433	0.045505155	0.055717796	0.08366882548573429	0.03752756	0.04937089715536105	-0.5689354	7.127066	1
ADGRE5	0.025325306	0.03362418	0.04726063364256958	0.018842792	0.024343544857768053	-0.8321344	8.076066	1
BST2	0.2556643	0.31590506	0.3423770348328374	0.20866871	0.21909190371991247	-0.59804213	37.475365	1
ZNF738	0.114377744	0.1382575	0.19219324347978295	0.095704265	0.12486323851203501	-0.53023905	15.715389	1
ZNF100	0.029863058	0.036857106	0.05426220899702433	0.02440447	0.03323304157549234	-0.59280694	5.2477603	1
AC020910.5	0.008875716	0.014435573	0.02223000175039384	0.004532158	0.006291028446389497	-1.6498315	10.052431	1
FXYD5	0.090462476	0.11143887	0.13740591633117452	0.07405169	0.08588621444201312	-0.58899504	12.458493	1
ZNF585B	0.024652924	0.030929424	0.04708559425870821	0.019750144	0.026805251641137857	-0.64448744	5.1737638	1
ZNF540	0.016445981	0.022362981	0.03238228601435323	0.01181559	0.015317286652078774	-0.914699	6.450207	1
ZFP30	0.063688636	0.076833464	0.11009977244880098	0.053402975	0.06933807439824945	-0.5239922	8.582364	1
DPF1	0.020394795	0.014756727	0.024330474356730265	0.024797138	0.03460065645514223	0.74486357	5.7029443	1
ZFP36	0.041397613	0.054668956	0.07684228951514091	0.031035088	0.03979759299781182	-0.8148171	11.784196	1
EID2B	0.100948736	0.12326997	0.169438123577805	0.08348963	0.10407549234135667	-0.56159544	14.755554	1
ATP1A3	0.020072693	0.027034419	0.03675827061088745	0.014627037	0.01900984682713348	-0.8816569	6.854015	1
ZNF112	0.037342012	0.04530011	0.06546472956415193	0.031134892	0.04225929978118162	-0.5395374	5.321325	1
AC074212.1	0.061833475	0.074916445	0.10257307894276212	0.0515966	0.0637308533916849	-0.53713745	8.145605	1
DBP	0.17763975	0.22386888	0.28531419569403116	0.14153497	0.16671225382932167	-0.6611207	36.35001	1
ATF5	0.2101696	0.30273595	0.23105198669700683	0.13790536	0.1451039387308534	-1.1338121	44.55244	1
ZNF577	0.03627602	0.045125667	0.06406441449326099	0.029372146	0.038840262582056896	-0.61778975	6.3924713	1
LENG8	0.197055	0.23661314	0.2893401015228426	0.1661815	0.19529540481400437	-0.509512	21.827549	1
CDC42EP5	0.0958011	0.12420859	0.1622615088394889	0.073584504	0.08807439824945296	-0.7544928	23.081247	1
TNNT1	0.14366224	0.10702517	0.12760371083493785	0.17227891	0.18025164113785558	0.68628585	25.349348	1
TNNI3	0.0741418	0.047253754	0.053211972693856115	0.095144056	0.09204048140043763	1.0081502	22.647396	1
ZNF274	0.11900864	0.14402889	0.2009452126728514	0.09944467	0.12582056892778992	-0.5339435	16.616909	1
TRIB3	0.07783076	0.12689807	0.12445300192543322	0.03947427	0.04403719912472648	-1.6821717	44.55244	1
CDC25B	0.05186241	0.04205032	0.05881323297741992	0.05952387	0.07412472647702407	0.5003464	5.876588	1
FLRT3	0.0061244937	0.010574587	0.013828111325048137	0.0026483163	0.0032822757111597373	-1.9575603	7.67364	1
PYGB	0.25707623	0.20668173	0.2788377384911605	0.29648992	0.33903172866520787	0.52036077	35.499214	1
TPX2	0.14884894	0.11197773	0.09592158235603011	0.1776487	0.13074398249452954	0.6653393	14.838194	1
PROCR	0.037692405	0.048104353	0.06966567477682478	0.02956767	0.03911378555798687	-0.70027184	8.669037	1
FAM83D	0.027259268	0.0186056	0.023805356205146157	0.034022886	0.038293216630196934	0.8672696	7.70407	1
MAFB	0.026253596	0.03448867	0.039208821984946615	0.019821445	0.022702407002188184	-0.7959774	5.1815424	1
MYBL2	0.048241727	0.033206645	0.04235953089445125	0.059984975	0.07221006564551423	0.8511942	13.252508	1
UBE2C	0.09819128	0.06921712	0.04848590932959916	0.12082044	0.08588621444201312	0.80277437	12.405515	1
CEBPB	0.20258519	0.2602703	0.2935410467355155	0.15755732	0.1838074398249453	-0.72377264	42.76005	1
KCNG1	0.02264301	0.032856	0.04726063364256958	0.0146625005	0.019693654266958426	-1.1586041	12.788257	1
MIR1-1HG-AS1	0.043927077	0.05441406	0.07281638368632942	0.0357368	0.04608862144420131	-0.6051865	6.7866035	1
COL9A3	0.043442868	0.06219658	0.0824435497987047	0.028792357	0.03487417943107221	-1.1084651	18.908522	1
LKAAEAR1	0.033042796	0.042555753	0.05863819359355855	0.025619255	0.03145514223194748	-0.7298915	7.813218	1
MRPL39	0.13591306	0.16637081	0.23210222300017505	0.11210245	0.14483041575492342	-0.569165	22.296223	1
LINC01697	0.14805532	0.18274957	0.23070190792928408	0.12093541	0.14524070021881838	-0.5952281	22.860542	1
C21orf62-AS1	0.03493103	0.04399753	0.05846315420969718	0.027856609	0.03391684901531729	-0.6575086	6.2309203	1
ABCG1	0.0056957845	0.008939315	0.012602835638018554	0.0031621526	0.003966083150984683	-1.470389	5.384479	1
COMT	0.21555994	0.2652539	0.34167687729739193	0.17678204	0.21608315098468273	-0.58513016	38.06706	1
ZDHHC8	0.045179702	0.05739588	0.08261858918256608	0.035637837	0.04608862144420131	-0.6860063	9.760625	1
AC245060.5	0.039315917	0.051217034	0.06371433572553825	0.030027937	0.036788840262582057	-0.768336	8.306774	1
DERL3	0.02792341	0.019682402	0.030281813408016802	0.034365878	0.04513129102844639	0.80095124	8.019803	1
HPS4	0.10103561	0.12173462	0.15788552424295466	0.08484545	0.10462253829321663	-0.5203154	11.447873	1
TTC28-AS1	0.24007505	0.29015428	0.35480483108699457	0.20100798	0.23769146608315098	-0.52934694	32.61613	1
SMTN	0.07557937	0.054166213	0.07981795904078418	0.09230189	0.11693107221006564	0.7678681	18.593157	1
PLA2G3	0.006828679	0.0029367753	0.00437598459653422	0.009869656	0.013676148796498906	1.7150035	7.824527	1
LGALS1	0.3291047	0.26028863	0.23297741991948187	0.38291177	0.30730306345733044	0.5567224	27.100534	1
APOBEC3G	0.037059627	0.045141134	0.0684403990897952	0.030756162	0.04061816192560175	-0.55207646	6.0257373	1
CENPM	0.055553064	0.042295557	0.049186066865044634	0.065902874	0.07713347921225383	0.6386158	8.543465	1
A4GALT	0.1124546	0.09105313	0.1323297741991948	0.12916522	0.16028446389496717	0.50397	14.082409	1
LINC00207	0.006763559	0.0031154852	0.004901102748118327	0.009614097	0.012171772428884026	1.5950433	7.1162157	1
GTSE1	0.082260065	0.060714733	0.05583756345177665	0.09908516	0.08465536105032823	0.7057034	11.099119	1
AL118516.1	0.045057848	0.05511032	0.07561701382811133	0.037205607	0.04772975929978118	-0.5655455	6.724872	1
ADM2	0.0076901517	0.01304829	0.016978820234552775	0.0035041785	0.004786652078774617	-1.8671329	9.387009	1
KLHDC7B	0.0040191244	0.0074440823	0.009627166112375284	0.0013440468	0.0015043763676148797	-2.385228	7.2562385	1
SYTL5	0.03906891	0.03060205	0.04446000350078768	0.045689106	0.06113238512035011	0.5766696	6.210551	1
TSPAN7	0.09536542	0.11989896	0.1459828461403816	0.076176345	0.09067286652078775	-0.6537142	16.81862	1
LINC01560	0.03821991	0.04883462	0.06949063539296342	0.029936915	0.038840262582056896	-0.70411885	8.738683	1
KIF4A	0.048099007	0.03108099	0.03553299492385787	0.061391193	0.06427789934354486	0.9797132	14.7125	1
ITGB1BP2	0.29425243	0.2297223	0.2947663224225451	0.34470615	0.37458971553610504	0.58526665	44.55244	1
PHKA1	0.03454935	0.0419825	0.062138981270785924	0.028751163	0.038840262582056896	-0.5445911	5.310445	1
FAM226B	0.011104216	0.015644038	0.022405041134255208	0.007554713	0.008889496717724288	-1.0403855	5.297562	1
TMSB15A	0.09817128	0.07139721	0.08629441624365482	0.11908072	0.13361597374179432	0.73719203	19.701406	1
BEX2	0.3887164	0.46998733	0.48153334500262557	0.3252836	0.3387582056892779	-0.53078735	44.55244	1
CHRDL1	0.03234196	0.04322258	0.05006126378435148	0.023850229	0.026531728665207876	-0.85507977	8.462667	1
RHOXF1-AS1	0.011056477	0.015640862	0.021179765447225624	0.007472225	0.009299781181619256	-1.0557253	5.033595	1
ATP1B4	0.01830695	0.011043386	0.01032732364782076	0.023978926	0.02065098468271335	1.1115835	5.9092164	1
LINC00629	0.022519676	0.030570008	0.04358480658148083	0.016227935	0.021061269146608316	-0.9094863	8.53448	1
FHL1	0.258808	0.2075072	0.2643094696306669	0.29893175	0.3321936542669584	0.52644217	33.937172	1
F8	0.08052974	0.10109407	0.13110449851216524	0.064439856	0.0774070021881838	-0.6488625	14.282359	1
