gene	mean	VO_mean	VO_positive_frac	VasHO_mean	VasHO_positive_frac	log2FC	-log10 p-val	is_significant
AGRN	0.16184315	0.14714023	0.1752136752136752	0.24170662	0.29464285714285715	0.7156818	6.7295537	1
MXRA8	0.038583364	0.043943483	0.060486522024983565	0.009459718	0.01607142857142857	-2.2038887	12.655532	1
VWA1	0.10540291	0.072104275	0.0831689677843524	0.2862895	0.3107142857142857	1.9878224	24.077442	1
KLHL21	0.04139529	0.04547862	0.05719921104536489	0.01920758	0.03214285714285714	-1.23919	5.2796373	1
SLC25A33	0.08734928	0.09441729	0.11702827087442472	0.048962507	0.06785714285714285	-0.9459573	5.8743553	1
TNFRSF1B	0.1347151	0.11931106	0.13773833004602234	0.21839799	0.2642857142857143	0.87168354	7.8715224	1
KAZN	0.11088094	0.1186205	0.14365548980933596	0.06884566	0.09821428571428571	-0.78403735	5.3706303	1
DDI2	0.16433066	0.14511064	0.16798159105851412	0.26873103	0.325	0.8885525	10.201927	1
HSPB7	0.0107843	0.0034549388	0.0046022353714661405	0.050598554	0.06607142857142857	3.834048	7.5509396	1
EPHA2	0.20578401	0.22312044	0.24983563445101906	0.111590795	0.15535714285714286	-0.9989588	14.931004	1
RCC2	0.26204705	0.27625307	0.30900723208415515	0.18486059	0.24285714285714285	-0.5792947	7.3664217	1
NBL1	0.118680574	0.107194744	0.1252465483234714	0.18107934	0.23214285714285715	0.75583905	5.5290933	1
CAMK2N1	0.08707569	0.097937115	0.11702827087442472	0.028082889	0.0375	-1.7985085	15.627059	1
HMGCL	0.16770409	0.1552214	0.1804733727810651	0.23550148	0.29285714285714287	0.60109204	5.19959	1
COL16A1	0.029440932	0.033650417	0.047337278106508875	0.0065751444	0.014285714285714285	-2.3380344	12.272731	1
KIAA1522	0.07160585	0.07878724	0.09434582511505589	0.032589886	0.044642857142857144	-1.2709476	7.713996	1
GJA4	0.6795802	0.7181285	0.5621301775147929	0.47024095	0.4232142857142857	-0.610736	15.01645	1
SH3D21	0.03251224	0.02359377	0.029585798816568046	0.08095886	0.10535714285714286	1.7744621	6.7812595	1
RRAGC	0.39914674	0.42268106	0.43326758711374097	0.27129135	0.3375	-0.6395361	13.372485	1
HEYL	0.07205321	0.08019178	0.1042077580539119	0.027838273	0.03571428571428571	-1.5230095	10.443835	1
RLF	0.22156511	0.1985982	0.2284681130834977	0.34631225	0.4125	0.80191106	12.065387	1
SLC2A1	0.14349578	0.07971657	0.08777120315581854	0.48995826	0.49642857142857144	2.618193	44.55244	1
CYP4X1	0.0076936013	0.009110062	0.012163050624589087	6.693881e-10	0.0	-6.5251293	8.19401	1
TAL1	0.05659722	0.047578212	0.055226824457593686	0.10558345	0.1357142857142857	1.1483475	5.527461	1
YIPF1	0.24773937	0.260189	0.2866535174227482	0.18009338	0.23035714285714284	-0.5305682	5.645256	1
ACOT11	0.10704216	0.094535366	0.11242603550295859	0.17498663	0.22142857142857142	0.8876176	6.6044765	1
PLPP3	1.0067643	0.9443399	0.7100591715976331	1.3458823	0.8428571428571429	0.51112854	26.257458	1
NFIA	0.37159225	0.3995044	0.3826429980276134	0.21995234	0.25357142857142856	-0.86072564	18.204773	1
NFIA-AS2	0.16038327	0.17986968	0.19822485207100593	0.054509707	0.07142857142857142	-1.7205247	27.372463	1
L1TD1	0.007493609	0.008773345	0.011834319526627219	0.0005427126	0.0017857142857142857	-3.7872324	6.271014	1
PGM1	0.11396249	0.09083552	0.11012491781722551	0.23959719	0.2785714285714286	1.3982971	15.058815	1
ROR1	0.09824135	0.10641382	0.1295200525969757	0.05385484	0.06964285714285715	-0.98121625	6.3285155	1
AK4	0.18428385	0.11678692	0.12787639710716633	0.55093396	0.5571428571428572	2.2370276	44.55244	1
PDE4B	0.2641524	0.22863631	0.24326101249178173	0.45707017	0.4875	0.99904585	20.393517	1
RABGGTB	0.23705909	0.25195426	0.28007889546351084	0.15612799	0.20357142857142857	-0.6900813	8.6507225	1
CCN1	0.51315445	0.5389162	0.4891518737672584	0.37319976	0.36964285714285716	-0.5299941	9.553695	1
GBP4	0.034162942	0.022048453	0.024983563445101907	0.09997078	0.12321428571428572	2.1757429	8.716214	1
EPHX4	0.2393214	0.25881425	0.28270874424720577	0.13341473	0.175	-0.95547533	15.432996	1
SNX7	0.4235812	0.44823578	0.45759368836291914	0.2896397	0.34285714285714286	-0.62982225	13.624137	1
OLFM3	0.009825026	0.01163386	0.016107823800131493	6.693881e-10	0.0	-6.874524	9.526434	1
COL11A1	0.22565575	0.1486782	0.16370808678500987	0.6438018	0.5571428571428572	2.1136777	44.55244	1
OLFML3	0.076885305	0.08433487	0.10355029585798817	0.036426067	0.05	-1.2089125	7.5298038	1
NGF	0.013950047	0.01593784	0.022682445759368838	0.0031528969	0.005357142857142857	-2.301683	5.4898977	1
ATP1A1	0.4158418	0.3889969	0.40532544378698226	0.5616565	0.6071428571428571	0.5298155	12.264193	1
PHGDH	0.10936144	0.11798809	0.1443129520052597	0.06250767	0.07321428571428572	-0.91545224	5.73714	1
NOTCH2	0.091333196	0.10326555	0.131163708086785	0.02652308	0.04107142857142857	-1.9570061	21.92099	1
FAM72D	0.007736886	0.009161315	0.011176857330703484	6.693881e-10	0.0	-6.5331354	7.4952207	1
TXNIP	0.3837511	0.2809032	0.27909270216962523	0.9424272	0.7375	1.7459478	44.55244	1
GJA5	0.07394697	0.05919464	0.05259697567389875	0.15407884	0.16964285714285715	1.3786312	7.479029	1
NBPF14	0.034167312	0.03855824	0.05489809335963182	0.010316008	0.01607142857142857	-1.8919736	8.616229	1
SV2A	0.121238016	0.11039964	0.13313609467455623	0.18011959	0.23035714285714284	0.7057141	5.0212216	1
ECM1	0.13011397	0.11713464	0.1341222879684418	0.20062555	0.2392857142857143	0.7758253	5.949274	1
S100A16	1.1343117	1.0521412	0.7735042735042735	1.5806782	0.9482142857142857	0.5871695	44.55244	1
CRTC2	0.05599865	0.06259248	0.07856673241288625	0.020173518	0.02857142857142857	-1.628696	9.733765	1
SLC39A1	0.31381762	0.29149273	0.31985535831689677	0.4350795	0.4982142857142857	0.5776559	9.978228	1
SHE	0.25171277	0.23620683	0.2577251808021039	0.33592975	0.3821428571428571	0.50792754	5.6353326	1
KCNN3	0.39739808	0.36292034	0.37442472057856674	0.584675	0.5589285714285714	0.68783134	15.175026	1
VANGL2	0.0518673	0.056705587	0.07133464825772518	0.025578585	0.039285714285714285	-1.1454673	5.436108	1
USF1	0.03927793	0.043526582	0.054240631163708086	0.016192045	0.02142857142857143	-1.4210398	5.480581	1
APOA2	0.0072190654	-1.1568773e-09	0.0	0.04643406	0.0625	8.86216	8.257909	1
OLFML2B	0.017424555	0.020420413	0.028599605522682446	0.0011514694	0.0017857142857142857	-4.035365	13.2624	1
DDR2	0.0705658	0.07922534	0.10092044707429323	0.023519447	0.03571428571428571	-1.7478067	13.150263	1
HSD17B7	0.066006	0.072751254	0.09040105193951348	0.029358394	0.044642857142857144	-1.306275	8.234244	1
ILDR2	0.05159718	0.059730396	0.06969099276791585	0.0074096182	0.010714285714285714	-2.9940672	22.852621	1
DNM3OS	0.14967771	0.1611284	0.18573307034845496	0.08747078	0.10357142857142858	-0.88058454	7.2221947	1
RGS16	0.12197525	0.13193025	0.1525312294543064	0.06790581	0.07678571428571429	-0.9571385	6.62032	1
NPL	0.034679372	0.03839902	0.04799474030243261	0.014474618	0.02142857142857143	-1.4013636	5.0010133	1
IVNS1ABP	0.829276	0.7647504	0.6314924391847468	1.1798062	0.8196428571428571	0.62542266	33.65811	1
GLRX2	0.2736735	0.28792623	0.314266929651545	0.19623339	0.25	-0.55289453	6.8612103	1
KCNT2	0.006534535	0.0077376245	0.010848126232741617	6.693881e-10	0.0	-6.292335	7.063359	1
C1orf53	0.063361384	0.07055994	0.08711374095989481	0.024251346	0.03571428571428571	-1.5368911	10.171822	1
TNNT2	0.028011588	-1.1568773e-09	0.0	0.18017454	0.21964285714285714	10.815997	27.188604	1
TNNI1	0.0340736	0.014827461	0.020710059171597635	0.13862158	0.175	3.2161515	17.293682	1
BTG2	0.27974924	0.29613945	0.30933596318211704	0.19069725	0.22678571428571428	-0.63472337	8.131563	1
LRRN2	0.018247934	0.020931272	0.029585798816568046	0.0036724787	0.005357142857142857	-2.4789515	7.359341	1
KLHDC8A	0.022121232	0.0087358	0.011505588428665352	0.094832994	0.12321428571428572	3.425477	13.10885	1
CAMK1G	0.005140027	0.006086402	0.00821827744904668	6.693881e-10	0.0	-5.951019	5.940971	1
G0S2	0.059404384	0.06827215	0.07856673241288625	0.011226706	0.01607142857142857	-2.5936806	19.840569	1
SYT14	0.0413223	0.045984205	0.05654174884944116	0.01599153	0.02142857142857143	-1.517971	6.3786044	1
PPP2R5A	0.2012512	0.18638417	0.20973044049967127	0.28199652	0.3375	0.59713566	6.1076384	1
MARK1	0.0709917	0.07749867	0.09500328731097962	0.035638407	0.05178571428571429	-1.1185565	6.654781	1
AC096537.1	0.004572797	0.0054147514	0.006903353057199211	6.693881e-10	0.0	-5.7852144	5.2099395	1
EGLN1	0.27620143	0.2577498	0.2856673241288626	0.37642112	0.42678571428571427	0.5462	7.3395157	1
CHRM3	0.20591404	0.22199927	0.2403024326101249	0.11851702	0.14642857142857144	-0.9048936	11.17036	1
AKT3	0.35246903	0.32421464	0.3530571992110454	0.5059409	0.5375	0.64186	13.045298	1
ADI1	0.5785411	0.61055017	0.5657462195923735	0.4046616	0.4517857142857143	-0.59327376	17.060116	1
ID2	0.13198885	0.11693256	0.1351084812623274	0.21378297	0.22678571428571428	0.8699116	6.3524356	1
TRIB2	0.16411534	0.17817146	0.20085470085470086	0.08774009	0.1125	-1.0211241	11.248842	1
LRATD1	0.19375914	0.21107504	0.22518080210387903	0.09967644	0.1125	-1.0816681	12.712077	1
AC018742.1	0.006489564	0.0076843747	0.009861932938856016	6.693881e-10	0.0	-6.2825	6.956154	1
ADCY3	0.03356941	0.0371531	0.048980933596318214	0.014103134	0.023214285714285715	-1.3911512	5.296807	1
MAPRE3	0.1347398	0.14387396	0.16896778435239973	0.08512868	0.11607142857142858	-0.756397	5.8164005	1
EMILIN1	0.0949673	0.103366196	0.1295200525969757	0.04935092	0.0625	-1.0650902	6.8032327	1
EHD3	0.08186595	0.06620253	0.08382642998027613	0.16695094	0.1732142857142857	1.3331523	7.6253858	1
CYP1B1	0.042403657	0.04890084	0.0621301775147929	0.0071032853	0.008928571428571428	-2.7660797	16.26673	1
TMEM178A	0.11954509	0.13086091	0.14201183431952663	0.058083333	0.07321428571428572	-1.1704584	10.25495	1
HAAO	0.013766335	0.015830029	0.022353714661406968	0.0025568842	0.005357142857142857	-2.5839417	6.8701854	1
PLEKHH2	0.044990297	0.05077788	0.06574621959237344	0.013544693	0.017857142857142856	-1.8986987	10.133572	1
NRXN1	0.09586963	0.10671827	0.11374095989480605	0.03694617	0.04285714285714286	-1.527762	11.194513	1
MDH1	0.4453965	0.4690019	0.4707429322813938	0.31715488	0.39464285714285713	-0.5642589	12.710128	1
MEIS1	0.13004409	0.13876055	0.16305062458908612	0.08270199	0.10535714285714286	-0.74589944	5.248627	1
ANTXR1	0.17986771	0.20241712	0.21926364234056542	0.057355512	0.08392857142857142	-1.8175267	35.540966	1
ANXA4	0.36748338	0.39315173	0.4066403681788297	0.22803354	0.28035714285714286	-0.78557444	16.590717	1
SPR	0.07532862	0.08192289	0.10059171597633136	0.03951202	0.05714285714285714	-1.0500883	6.2318516	1
WDR54	0.3466042	0.29341945	0.31985535831689677	0.6355048	0.6357142857142857	1.114674	36.716778	1
HK2	0.025156798	0.018428681	0.022682445759368838	0.0617052	0.08035714285714286	1.737968	5.171868	1
POLE4	0.27140534	0.28742418	0.3159105851413544	0.18437152	0.2375	-0.64028513	8.66257	1
EVA1A	0.12246015	0.13313556	0.15548980933596318	0.06447698	0.07857142857142857	-1.0448872	8.329195	1
KDM3A	0.20807314	0.19148032	0.2172912557527942	0.29819423	0.36428571428571427	0.63878655	7.351401	1
KRCC1	0.2178687	0.22885254	0.2593688362919132	0.15818426	0.20357142857142857	-0.5325307	5.0700173	1
SEMA4C	0.22393169	0.20782807	0.2357001972386588	0.31139505	0.35714285714285715	0.5831246	6.2515383	1
UNC50	0.32387915	0.34705165	0.3717948717948718	0.19798523	0.25357142857142856	-0.80944467	16.30685	1
PDCL3	0.34696883	0.36399603	0.3892176199868508	0.25446063	0.3053571428571429	-0.5163097	7.636235	1
ST6GAL2	0.02990746	0.034068808	0.045364891518737675	0.007303195	0.0125	-2.20646	9.700178	1
SLC5A7	0.019253151	0.022166751	0.02925706771860618	0.0034268824	0.007142857142857143	-2.6584256	9.170673	1
BCL2L11	0.1202919	0.13526568	0.15384615384615385	0.038960095	0.05178571428571429	-1.7930946	22.155693	1
DPP10	0.010571018	0.01251718	0.01643655489809336	6.693881e-10	0.0	-6.979236	10.446507	1
INHBB	0.3285045	0.2640306	0.2666009204470743	0.67872566	0.5946428571428571	1.3617897	39.55682	1
AC011246.1	0.0046197986	0.005470405	0.007560815253122946	6.693881e-10	0.0	-5.7997007	5.021938	1
CXCR4	1.3354	1.4102259	0.856344510190664	0.92896676	0.6732142857142858	-0.6021743	35.737785	1
HNMT	0.055160627	0.06071204	0.08284023668639054	0.024998074	0.0375	-1.2767804	6.543941	1
LRP1B	0.034924492	0.03862667	0.049967126890203814	0.014814531	0.023214285714285715	-1.3766088	5.008925	1
ZEB2	0.3886531	0.4093033	0.4056541748849441	0.2764638	0.32142857142857145	-0.56591034	9.714256	1
RND3	0.2947485	0.31341058	0.31919789612097305	0.19335665	0.225	-0.6965038	9.556003	1
PKP4	0.0999659	0.0882211	0.10749506903353057	0.16377169	0.2125	0.8917365	6.1758037	1
DPP4	0.0639496	0.07416717	0.08711374095989481	0.008439525	0.010714285714285714	-3.120497	28.78581	1
SCN2A	0.015033204	0.017380226	0.022353714661406968	0.0022846616	0.0035714285714285713	-2.8738673	7.555394	1
XIRP2	0.015057002	0.01758596	0.021367521367521368	0.0013201794	0.0017857142857142857	-3.6384594	9.3787155	1
NOSTRIN	0.1741455	0.1464962	0.16403681788297172	0.32433447	0.36428571428571427	1.1460793	15.9759655	1
CYBRD1	0.05914639	0.065287985	0.08349769888231427	0.025777942	0.0375	-1.3373027	7.5277944	1
ITGA6-AS1	0.021656303	0.011471353	0.01282051282051282	0.076982856	0.09464285714285714	2.7358525	8.690567	1
AC078883.1	0.07196987	0.05209518	0.06081525312294543	0.1799264	0.21964285714285714	1.78622	14.438348	1
RAPGEF4	0.048962083	0.034806233	0.04076265614727153	0.1258546	0.15892857142857142	1.8513471	11.001714	1
HOXD-AS2	0.13685438	0.14869279	0.17718606180144642	0.07255349	0.09821428571428571	-1.0342004	10.08575	1
LINC01116	0.21461537	0.23050284	0.2577251808021039	0.1282931	0.1625	-0.8448427	10.883564	1
OSBPL6	0.018152755	0.021026248	0.027613412228796843	0.0025443595	0.0035714285714285713	-2.9980462	8.92258	1
TTN	0.067019545	0.030572794	0.03616042077580539	0.26500005	0.2982142857142857	3.1115053	27.027906	1
ITPRID2	0.9647763	1.0129373	0.7702169625246549	0.70319694	0.6464285714285715	-0.5264814	25.387774	1
FRZB	0.083081216	0.09350352	0.11374095989480605	0.026473947	0.0375	-1.8165503	16.717867	1
COL3A1	0.65713465	0.7081622	0.45627876397107164	0.3800165	0.3	-0.897842	20.706331	1
NABP1	0.19094287	0.20291007	0.2235371466140697	0.12591623	0.15892857142857142	-0.6879418	6.597261	1
CAVIN2	0.084661596	0.06688001	0.07100591715976332	0.18125436	0.20535714285714285	1.4370089	10.412447	1
STK17B	0.071160495	0.08189075	0.10190664036817883	0.012868383	0.023214285714285715	-2.6604626	29.709625	1
AC114760.2	0.0071841963	0.008506881	0.01282051282051282	6.693881e-10	0.0	-6.4274087	8.576865	1
HSPE1	1.235498	1.296483	0.8734385272846811	0.90423024	0.7803571428571429	-0.519793	40.745922	1
NDUFB3	0.7907148	0.86010975	0.7163050624589086	0.41380724	0.4660714285714286	-1.0553811	44.55244	1
GPR1	0.03839546	0.043140367	0.05062458908612755	0.01261373	0.017857142857142856	-1.7659916	7.783329	1
ZDBF2	0.1836539	0.16667555	0.19625246548323472	0.27586848	0.33214285714285713	0.7265956	7.815014	1
MAP2	0.052666906	0.05784794	0.07659434582511505	0.024516262	0.03571428571428571	-1.2351457	5.983633	1
FN1	1.0564331	0.9711909	0.5535831689677844	1.5194978	0.8321428571428572	0.64571404	28.274265	1
IGFBP5	1.3601732	1.1123931	0.5493096646942801	2.7061753	0.8142857142857143	1.2825121	44.55244	1
AC007563.2	0.024351845	0.009933454	0.012163050624589087	0.1026749	0.12142857142857143	3.356598	12.578698	1
DIRC3	0.0126371635	0.014514506	0.01873767258382643	0.002439996	0.0035714285714285713	-2.524503	5.245061	1
ANKZF1	0.10235336	0.089169756	0.1111111111111111	0.17397463	0.21428571428571427	0.9634626	6.891296	1
PID1	0.027218355	0.030741373	0.042077580539119	0.008081606	0.01607142857142857	-1.9144112	8.1151085	1
INPP5D	0.081675254	0.06869469	0.08053911900065747	0.15218759	0.18214285714285713	1.1464293	7.2885685	1
DGKD	0.3592081	0.33693406	0.3510848126232742	0.48019308	0.49107142857142855	0.51102066	7.9728527	1
ARL4C	0.19758447	0.20986773	0.20907297830374755	0.13084109	0.14821428571428572	-0.6812497	5.6274447	1
COL6A3	0.29947048	0.33957255	0.2968441814595661	0.08161039	0.08035714285714286	-2.0555532	44.55244	1
TWIST2	0.009680132	0.011340161	0.01643655489809336	0.00066343683	0.0017857142857142857	-3.9054546	8.441672	1
GPC1	0.09872282	0.11061244	0.13247863247863248	0.034144394	0.05178571428571429	-1.6928774	18.087767	1
KIF1A	0.20306844	0.22158189	0.22485207100591717	0.10248032	0.11071428571428571	-1.1117369	13.498015	1
CRELD1	0.25006852	0.23455897	0.2613412228796844	0.33430603	0.4	0.5110352	6.060289	1
SLC6A6	0.04165178	0.046434455	0.05851413543721236	0.015665108	0.025	-1.5615643	7.491935	1
LRRC3B	0.0060956134	0.0072179018	0.00953320184089415	6.693881e-10	0.0	-6.1933484	6.530088	1
CMC1	0.31309095	0.3283433	0.35601577909270216	0.23022191	0.2982142857142857	-0.5119926	7.2522593	1
OXSR1	0.21901079	0.20549107	0.23602892833662065	0.29243797	0.3517857142857143	0.5088462	5.1169252	1
SNRK	0.57340986	0.49149835	0.4779750164365549	1.018361	0.8267857142857142	1.0508387	44.55244	1
LIMD1	0.21402393	0.19494914	0.2235371466140697	0.31762767	0.3732142857142857	0.7039531	8.837177	1
LIMD1-AS1	0.032184057	0.023986991	0.029914529914529916	0.076711975	0.10357142857142858	1.6730771	6.44059	1
CCR1	0.009756956	0.01155326	0.018408941485864562	6.693881e-10	0.0	-6.86458	11.583245	1
MYL3	0.013321753	0.00088114344	0.0013149243918474688	0.08090099	0.10714285714285714	6.3673315	13.56741	1
TNNC1	0.028594319	0.000842793	0.001643655489809336	0.17934456	0.22678571428571428	7.5723815	27.32553	1
SMIM4	0.25957802	0.27408868	0.3047337278106509	0.18073611	0.23214285714285715	-0.6004862	7.5810533	1
ADAMTS9	0.9578248	0.8577636	0.6926364234056541	1.501385	0.8785714285714286	0.80756986	44.55244	1
ADAMTS9-AS1	0.026087279	0.0191789	0.022353714661406968	0.06361495	0.08392857142857142	1.7246091	5.495678	1
MAGI1	0.2005087	0.18372817	0.20775805391190005	0.29164937	0.3410714285714286	0.66637164	7.300143	1
PDZRN3	0.03116108	0.035554327	0.05062458908612755	0.007297088	0.014285714285714285	-2.269048	11.637116	1
EPHA3	0.029583825	0.03299796	0.047337278106508875	0.011038536	0.02142857142857143	-1.5711826	6.2661285	1
CRYBG3	0.28420153	0.26513016	0.29125575279421434	0.3877889	0.43392857142857144	0.5483987	7.4313903	1
DCBLD2	0.12789379	0.13737425	0.16305062458908612	0.07640189	0.10535714285714286	-0.8455941	6.850914	1
FILIP1L	0.070850715	0.07816676	0.09566074950690336	0.031102194	0.04107142857142857	-1.3267523	7.569302	1
NIT2	0.37928095	0.40491205	0.4086127547666009	0.24003348	0.2892857142857143	-0.75412816	15.840801	1
TMEM45A	0.110368505	0.09779421	0.11571334648257725	0.1786802	0.22321428571428573	0.8688915	6.3115344	1
ALCAM	0.0821645	0.070702195	0.08547008547008547	0.14442892	0.17857142857142858	1.0294923	6.145644	1
CCDC80	0.13869023	0.15804668	0.1752136752136752	0.03355124	0.04642857142857143	-2.2325318	36.052406	1
FAM162A	0.42987522	0.37611234	0.3915187376725838	0.7219173	0.6732142857142858	0.9404863	32.267147	1
SEMA5B	0.047597066	0.052941766	0.07264957264957266	0.018557336	0.026785714285714284	-1.5073858	7.1599693	1
MGLL	0.43686616	0.4066298	0.40532544378698226	0.6011063	0.5678571428571428	0.5637894	11.599627	1
EPHB1	0.124171965	0.1364151	0.15943458251150558	0.05767312	0.07857142857142857	-1.2405902	12.7676525	1
PLOD2	0.13791572	0.11855197	0.14266929651545035	0.24310806	0.3	1.0354551	11.6142	1
AGTR1	0.038774874	0.04402787	0.05851413543721236	0.010233091	0.010714285714285714	-2.0944183	8.568622	1
CPB1	0.0055695665	0.006595015	0.008547008547008548	6.693881e-10	0.0	-6.065006	5.766859	1
HLTF	0.22792718	0.2072476	0.24490466798159105	0.3402487	0.39285714285714285	0.7149621	9.71751	1
SERPINI1	0.23421809	0.265747	0.25608152531229456	0.06292776	0.08214285714285714	-2.076537	44.55244	1
AC007849.1	0.005519577	0.006535823	0.007889546351084813	6.693881e-10	0.0	-6.0521936	5.8046823	1
RPL22L1	0.40979505	0.43518534	0.4329388560157791	0.2718571	0.33035714285714285	-0.6785823	14.851526	1
TNFSF10	0.56458396	0.59293735	0.5009861932938856	0.41055068	0.36964285714285716	-0.5302114	9.522383	1
YEATS2	0.21145375	0.19758731	0.22386587771203156	0.2867642	0.3410714285714286	0.5371477	5.3233256	1
MASP1	0.0057961857	0.00020381634	0.0003287310979618672	0.036174715	0.048214285714285716	6.899621	5.8673654	1
TFRC	0.08705103	0.07359865	0.08941485864562787	0.16012867	0.2	1.120422	8.087215	1
SPON2	0.09268379	0.105427355	0.0973044049967127	0.023467155	0.023214285714285715	-2.1627676	15.538395	1
CTBP1	0.253539	0.26896676	0.30144641683103224	0.16971542	0.21964285714285714	-0.66399664	8.673037	1
CYTL1	0.03477168	0.038766976	0.048980933596318214	0.013069507	0.023214285714285715	-1.5613437	6.4554224	1
CRMP1	0.2903002	0.271191	0.2978303747534517	0.39409292	0.44821428571428573	0.5390607	7.6096625	1
LDB2	0.9522018	0.8858427	0.7146614069690993	1.3126864	0.9071428571428571	0.567347	42.55244	1
LAP3	0.28316027	0.29841802	0.3224852071005917	0.20026118	0.25892857142857145	-0.57521486	7.6238847	1
SLIT2	0.09641787	0.10747694	0.1291913214990138	0.036351167	0.048214285714285716	-1.561332	14.222252	1
AC096576.6	0.01137187	0.013117408	0.0190664036817883	0.0018906697	0.0035714285714285713	-2.7311134	6.0568933	1
PCDH7	0.14451435	0.1596684	0.17422748191978962	0.062195614	0.075	-1.3587797	15.562273	1
FAM114A1	0.52645	0.48332486	0.4710716633793557	0.7607041	0.6964285714285714	0.6542334	23.68538	1
AC114757.1	0.09762888	0.08384726	0.09664694280078895	0.1724987	0.21071428571428572	1.0398663	7.6097307	1
ATP10D	0.20364729	0.21472307	0.2465483234714004	0.1434637	0.19642857142857142	-0.58145785	5.803737	1
CHIC2	0.29642263	0.31060368	0.3346482577251808	0.21937135	0.28035714285714286	-0.50150657	6.3635874	1
PDGFRA	0.27813756	0.32097486	0.27712031558185407	0.045418404	0.060714285714285714	-2.8183877	44.55244	1
DCK	0.16631493	0.17665897	0.20052596975673898	0.11010499	0.14464285714285716	-0.6815939	5.9073257	1
ALB	0.0131675275	-1.1568773e-09	0.0	0.08469542	0.11071428571428571	9.7278595	14.37284	1
SHROOM3	0.035054192	0.039303295	0.05325443786982249	0.011973328	0.017857142857142856	-1.706493	7.24623	1
CNOT6L	0.31290227	0.275639	0.30243261012491784	0.5153129	0.5535714285714286	0.90242547	22.346395	1
ANXA3	0.19574553	0.20697771	0.2264957264957265	0.1347116	0.17857142857142858	-0.6192277	5.851557	1
BMP3	0.083617315	0.0954614	0.09861932938856016	0.019286878	0.023214285714285715	-2.3013475	20.605453	1
PTPN13	0.12805401	0.14753202	0.168310322156476	0.022254845	0.0375	-2.7233462	44.55244	1
SPARCL1	0.023852997	0.027558748	0.03155818540433925	0.0037236493	0.005357142857142857	-2.8547137	8.641453	1
GPRIN3	0.7641664	0.8110382	0.6522024983563445	0.50960827	0.4589285714285714	-0.6702759	22.674877	1
MMRN1	0.08610172	0.066890895	0.07034845496383958	0.19045863	0.20892857142857144	1.5081979	11.124271	1
UNC5C	0.06700773	0.07624131	0.09829059829059829	0.016843064	0.030357142857142857	-2.1717691	21.036726	1
LAMTOR3	0.23097412	0.2504036	0.28106508875739644	0.12541114	0.16964285714285715	-0.9970159	16.669254	1
C4orf3	1.1952138	1.1228728	0.8159105851413544	1.5881871	0.9446428571428571	0.5001487	44.55244	1
SPRY1	0.56944185	0.5274744	0.4888231426692965	0.79740983	0.6928571428571428	0.59612775	18.625673	1
PCDH18	0.13178186	0.15007621	0.16995397764628534	0.032412287	0.05357142857142857	-2.2075994	38.7313	1
MAML3	0.25944868	0.24361174	0.2669296515450362	0.34546494	0.40714285714285714	0.5037811	6.1054144	1
SMAD1	0.9590192	1.006045	0.7725180802103879	0.7036045	0.6339285714285714	-0.5157965	22.94066	1
EDNRA	0.20182738	0.22964893	0.23438527284681132	0.050675254	0.05357142857142857	-2.1778605	42.527138	1
SFRP2	0.029730929	0.034997627	0.03451676528599606	0.0011222748	0.0017857142857142857	-4.8437333	17.706219	1
MAP9	0.14574397	0.15563549	0.18211702827087442	0.092009455	0.12678571428571428	-0.7576766	6.3248773	1
GUCY1A1	0.083849974	0.09479021	0.11571334648257725	0.024429115	0.039285714285714285	-1.9517641	20.37205	1
GUCY1B1	0.08537726	0.09438772	0.11768573307034845	0.03643914	0.05178571428571429	-1.370684	10.53879	1
TDO2	0.049488474	0.057675347	0.06476002629848784	0.0050094347	0.005357142857142857	-3.4992185	21.81983	1
PDGFC	0.029403713	0.03315359	0.045364891518737675	0.009034632	0.0125	-1.8640918	6.7843227	1
GASK1B	0.4341547	0.46204528	0.44543063773833	0.2826339	0.32857142857142857	-0.7089016	15.97198	1
NPY1R	0.051983528	0.059881203	0.07330703484549639	0.009075483	0.0125	-2.7086544	19.768217	1
CPE	0.16126178	0.17486301	0.19789612097304404	0.087358266	0.11785714285714285	-1.0003833	10.949599	1
PALLD	0.36111793	0.3812644	0.3865877712031558	0.25166395	0.2982142857142857	-0.5990984	9.878417	1
HPGD	0.41103786	0.44834116	0.3711374095989481	0.20838201	0.2125	-1.1049957	25.00059	1
VEGFC	0.07915388	0.05699766	0.0601577909270217	0.19950686	0.23214285714285715	1.8056577	15.433107	1
WWC2	0.22759897	0.2138025	0.24358974358974358	0.30252996	0.35714285714285715	0.5006014	5.0458903	1
STOX2	0.030314058	0.033819195	0.044707429322813935	0.011274486	0.01607142857142857	-1.5763007	5.2110643	1
ANKRD37	0.06614383	0.044655126	0.05259697567389875	0.18286765	0.22321428571428573	2.0314636	16.174147	1
C4orf47	0.026021438	0.018754127	0.022682445759368838	0.065498866	0.0875	1.7987907	5.9309072	1
BASP1	0.5736431	0.6087453	0.5276134122287969	0.3829586	0.4017857142857143	-0.66851056	18.389008	1
MTMR12	0.19243613	0.1764352	0.1985535831689678	0.27934062	0.3357142857142857	0.6625858	7.0756717	1
NPR3	0.1296242	0.044695456	0.048980933596318214	0.5909713	0.45357142857142857	3.7219079	44.55244	1
IL7R	0.09065923	0.10291324	0.11669953977646286	0.02410209	0.03214285714285714	-2.0896263	19.067347	1
ITGA1	0.8092993	0.7557061	0.6393819855358317	1.1004484	0.8053571428571429	0.54213464	25.777382	1
CCNO	0.005481212	0.006490396	0.008875739644970414	6.693881e-10	0.0	-6.0422835	6.346176	1
NDUFAF2	0.2532296	0.26718017	0.2948717948717949	0.17743024	0.2357142857142857	-0.5902879	7.1434665	1
RGS7BP	0.013077405	0.015000601	0.022682445759368838	0.002631148	0.005357142857142857	-2.4670265	6.449125	1
ADAMTS6	0.12924773	0.11458984	0.13740959894806049	0.20887728	0.2357142857142857	0.8656085	6.721452	1
PIK3R1	0.48980904	0.43495256	0.4362261669953978	0.7877895	0.6892857142857143	0.8568037	30.829678	1
AK6	0.28968465	0.30844238	0.3330046022353715	0.1877732	0.2517857142857143	-0.7157094	12.003959	1
MCCC2	0.15942313	0.16923988	0.19756738987508218	0.10607786	0.14464285714285716	-0.67343885	5.7037387	1
ARHGEF28	0.1761502	0.15753691	0.1761998685075608	0.27724814	0.31607142857142856	0.8150926	8.451093	1
F2R	0.63397074	0.5914582	0.5502958579881657	0.8649148	0.7553571428571428	0.54820466	20.543173	1
LHFPL2	0.05716684	0.06246922	0.07955292570677186	0.028357059	0.04107142857142857	-1.1366667	5.530178	1
RASGRF2	0.18399277	0.16786402	0.1903353057199211	0.2715909	0.3107142857142857	0.69381386	6.8648405	1
VCAN	0.37260854	0.39176485	0.3175542406311637	0.268532	0.2375	-0.54472494	5.4170365	1
LUCAT1	0.14901103	0.13358255	0.15285996055226825	0.23282279	0.26607142857142857	0.80104065	6.8408704	1
ARRDC3	0.4596424	0.41322315	0.4017094017094017	0.71179205	0.6803571428571429	0.7843884	26.405771	1
NR2F1-AS1	0.066407934	0.072256215	0.09664694280078895	0.034632698	0.05357142857142857	-1.0588224	6.043999	1
NR2F1	0.20880279	0.23544393	0.22813938198553582	0.06406347	0.07678571428571429	-1.8761721	34.61706	1
EFNA5	0.09266332	0.10315171	0.12656147271531887	0.035696767	0.05178571428571429	-1.5282644	14.527234	1
CAMK4	0.03633517	0.041719828	0.059500328731097965	0.007079501	0.0125	-2.5422318	15.6251335	1
DCP2	0.20530489	0.1920751	0.22419460880999342	0.2771562	0.3392857142857143	0.5287982	5.127704	1
CDO1	0.02045722	0.023456326	0.02827087442472058	0.004166445	0.007142857142857143	-2.465008	8.02778	1
PRR16	0.012642396	0.014609568	0.020381328073635765	0.001957261	0.0035714285714285713	-2.837958	6.783091	1
PPIC	0.8928538	0.95315534	0.760026298487837	0.56532645	0.5767857142857142	-0.7535234	44.55244	1
PRDM6	0.019251555	0.021974009	0.030243261012491782	0.0044635884	0.005357142857142857	-2.2741082	6.0110626	1
MEGF10	0.023428965	0.02659712	0.03714661406969099	0.0062198737	0.008928571428571428	-2.0787165	6.939622	1
ISOC1	0.08425057	0.09078251	0.11143984220907298	0.048775647	0.07142857142857142	-0.8948868	5.3382173	1
ADAMTS19	0.04931635	0.05646928	0.07034845496383958	0.010453875	0.014285714285714285	-2.422246	15.95835	1
P4HA2	0.4727163	0.41063312	0.4178172255095332	0.80995595	0.7357142857142858	0.9798204	43.853474	1
PDLIM4	0.12459496	0.1025797	0.11998685075608152	0.24419016	0.2910714285714286	1.2504448	13.720497	1
TXNDC15	0.2828166	0.26474553	0.29815910585141353	0.38097	0.4517857142857143	0.5249049	7.5230803	1
PITX1	0.013270739	0.015382467	0.022353714661406968	0.0018003585	0.0017857142857142857	-3.0262918	6.423719	1
EGR1	0.3543567	0.3924659	0.33694937541091385	0.14732316	0.15178571428571427	-1.4129715	32.816025	1
TMEM173	0.42659664	0.3978721	0.3990795529257068	0.58262444	0.5785714285714286	0.5501466	11.862945	1
PCDHGB6	0.24878801	0.22677192	0.24786324786324787	0.36837098	0.4089285714285714	0.6996728	9.849607	1
CARMN	0.27007833	0.30785662	0.2754766600920447	0.06484025	0.07857142857142857	-2.2455423	44.55244	1
PDGFRB	0.34082803	0.3883924	0.3244575936883629	0.082430474	0.08214285714285714	-2.2348874	44.55244	1
SYNPO	0.03263643	0.0173388	0.020381328073635765	0.11573555	0.1392857142857143	2.7317057	12.687557	1
GPX3	0.22155647	0.23659827	0.2324128862590401	0.13982804	0.15714285714285714	-0.758364	7.6360936	1
TNIP1	0.24873473	0.22518219	0.2534516765285996	0.37666354	0.43392857142857144	0.741926	11.613874	1
ADAM19	0.25591967	0.2755521	0.30309007232084156	0.14925423	0.18214285714285713	-0.88411033	13.631952	1
EBF1	0.27715546	0.29043826	0.30407626561472717	0.20498368	0.23392857142857143	-0.50251544	5.0977798	1
NKX2-5	0.011459095	0.0050038295	0.006903353057199211	0.0465255	0.06607142857142857	3.1914673	6.772221	1
STC2	0.0130406935	0.0037372073	0.006574621959237344	0.06357875	0.07678571428571429	4.0526834	8.465666	1
SFXN1	0.2251177	0.20999712	0.24293228139381987	0.30724162	0.38035714285714284	0.54878676	6.330364	1
DUSP22	0.21267954	0.19784084	0.22813938198553582	0.29327136	0.3607142857142857	0.5676587	6.32767	1
FOXC1	0.18213154	0.20218952	0.22123602892833663	0.073153146	0.09464285714285714	-1.4654589	23.337938	1
NQO2	0.2216589	0.23564908	0.25279421433267585	0.14564367	0.18928571428571428	-0.693819	8.127422	1
TUBB2B	0.13845532	0.12302942	0.131163708086785	0.22225653	0.23392857142857143	0.8526992	6.4032164	1
SLC22A23	0.09767095	0.08147045	0.0973044049967127	0.18567875	0.225	1.1874669	9.673191	1
NEDD9	0.23233658	0.20630948	0.2222222222222222	0.37370715	0.4160714285714286	0.8567848	13.344763	1
ATXN1	0.27336985	0.25641128	0.2882971729125575	0.36547905	0.42857142857142855	0.51116115	6.6263103	1
CASC15	0.15453313	0.14025043	0.15943458251150558	0.23211697	0.28214285714285714	0.7264399	6.5023313	1
HIST1H1E	0.06109145	0.052373312	0.06443129520052597	0.10844345	0.1392857142857143	1.0486168	5.08096	1
HIST1H2AE	0.040674232	0.044768136	0.057856673241288625	0.018429011	0.02857142857142857	-1.2759055	5.174409	1
HIST1H4H	0.07395108	0.08077702	0.09829059829059829	0.03687298	0.05357142857142857	-1.1292585	7.0480113	1
AL021807.1	0.005694292	0.0067427014	0.00821827744904668	6.693881e-10	0.0	-6.096484	6.078011	1
HIST1H2BJ	0.06194239	0.06813197	0.08579881656804733	0.028313316	0.039285714285714285	-1.2638806	7.0589967	1
FLOT1	0.312543	0.28562102	0.3149243918474688	0.4587768	0.4982142857142857	0.6834997	12.912497	1
HLA-B	1.1595587	1.2240113	0.8040762656147271	0.8094772	0.6535714285714286	-0.5964942	31.472826	1
HSPA1B	0.11577531	0.12472772	0.131163708086785	0.06715163	0.0875	-0.89229715	5.8101892	1
NEU1	0.36446995	0.38290212	0.40335305719921105	0.26432768	0.3196428571428571	-0.5344792	8.613585	1
ATF6B	0.30024406	0.3169353	0.34418145956607493	0.20955852	0.2732142857142857	-0.59660196	8.904102	1
GPSM3	0.23317102	0.21816808	0.2495069033530572	0.31465557	0.3732142857142857	0.5281307	5.808557	1
NOTCH4	0.49685588	0.45485812	0.44247205785667326	0.7249867	0.6625	0.6724197	19.928019	1
TEAD3	0.023245236	0.026484683	0.0381328073635766	0.0056488607	0.008928571428571428	-2.2092474	7.7975984	1
FKBP5	0.21096787	0.19493644	0.22090729783037474	0.29803908	0.35	0.61224174	6.5262604	1
CPNE5	0.12912497	0.10946927	0.1232741617357002	0.23590341	0.275	1.1069645	11.156999	1
DAAM2	0.030520147	0.03463368	0.04799474030243261	0.008175657	0.0125	-2.0693896	8.760336	1
GTPBP2	0.07843774	0.08595367	0.10552268244575937	0.037618082	0.05357142857142857	-1.1899804	7.985994	1
VEGFA	0.037717592	0.023020165	0.03057199211045365	0.11755492	0.14464285714285716	2.347338	11.329544	1
RUNX2	0.011356818	0.013447638	0.021696252465483234	6.693881e-10	0.0	-7.0818877	13.825706	1
CYP39A1	0.0056652357	0.006708296	0.008875739644970414	6.693881e-10	0.0	-6.089212	6.3555045	1
TNFRSF21	0.07930474	0.08614368	0.10880999342537805	0.042162526	0.0625	-1.0290397	6.432442	1
BMP5	0.075558074	0.084526785	0.10552268244575937	0.026846895	0.0375	-1.6509953	13.172554	1
BAG2	0.17823447	0.19179302	0.21531886916502302	0.10456233	0.13392857142857142	-0.87456006	9.572994	1
CD109	0.6751758	0.62099314	0.5657462195923735	0.969512	0.8017857142857143	0.6425979	31.390366	1
COL12A1	0.042640477	0.049308576	0.0611439842209073	0.0064116092	0.008928571428571428	-2.9236755	18.514816	1
ELOVL4	0.025761193	0.028893545	0.03648915187376726	0.008746631	0.0125	-1.7125317	5.3251085	1
NT5E	0.14969113	0.13198327	0.1525312294543064	0.24588467	0.30714285714285716	0.8971207	9.646998	1
GABRR1	0.030247899	0.035402466	0.05128205128205128	0.0022483778	0.0035714285714285713	-3.9181828	22.51915	1
GRIK2	0.007917766	0.009254373	0.012491781722550954	0.00065794226	0.0017857142857142857	-3.6254811	6.3135867	1
SLC22A16	0.015612775	0.017868388	0.021367521367521368	0.003360802	0.005357142857142857	-2.3762827	5.876714	1
AMD1	0.53049505	0.55682707	0.5249835634451019	0.38744423	0.4392857142857143	-0.5231275	12.137757	1
FRK	0.004374591	0.005180058	0.007889546351084813	6.693881e-10	0.0	-5.722472	5.2597003	1
SLC35F1	0.04411273	0.049419675	0.06574621959237344	0.015278023	0.025	-1.6871319	9.22311	1
ASF1A	0.35487458	0.3724966	0.3869165023011177	0.2591346	0.30714285714285716	-0.5233564	7.7242045	1
PKIB	0.20556971	0.22133698	0.24227481919789612	0.119901136	0.16428571428571428	-0.883848	11.831589	1
SMPDL3A	0.13126148	0.14459266	0.168310322156476	0.05885196	0.08392857142857142	-1.29538	15.150661	1
TRDN	0.07137996	0.0810614	0.09960552268244575	0.018783577	0.025	-2.1036618	17.846188	1
LINC01013	0.0052161906	0.0061765867	0.007889546351084813	6.693881e-10	0.0	-5.9718986	5.6196613	1
SGK1	0.13131785	0.10633586	0.12590401051939515	0.26703006	0.26964285714285713	1.3275578	12.473347	1
AL078590.2	0.014474085	0.008171057	0.01051939513477975	0.048713427	0.0625	2.5611343	5.419069	1
MAP3K5	0.018245028	0.02133886	0.031229454306377382	0.0014397133	0.0017857142857142857	-3.7994945	12.6061535	1
WAKMAR2	0.13824764	0.11943518	0.1393819855358317	0.2404458	0.2767857142857143	1.0088762	9.828116	1
TNFAIP3	0.11794957	0.09187106	0.10815253122945431	0.25961792	0.30178571428571427	1.4976937	17.335678	1
PLAGL1	0.504288	0.5331528	0.5036160420775806	0.34747535	0.3821428571428571	-0.617494	14.556624	1
SASH1	0.4349812	0.407422	0.41222879684418146	0.5846776	0.5946428571428571	0.52101016	11.397742	1
UST	0.02379947	0.026763424	0.03648915187376726	0.007699639	0.010714285714285714	-1.784164	5.36565	1
ULBP2	0.11329035	0.12614796	0.14858645627876396	0.043453667	0.05892857142857143	-1.535394	16.99669	1
MTHFD1L	0.1477038	0.12755617	0.14792899408284024	0.25715154	0.3053571428571429	1.0109164	11.050392	1
SOD2	0.33428106	0.35125223	0.36324786324786323	0.24207486	0.29464285714285715	-0.5368688	7.6330633	1
MPC1	0.37386784	0.396916	0.4095989480604865	0.24865	0.3107142857142857	-0.6745006	13.688942	1
PHF10	0.11647472	0.10043401	0.12130177514792899	0.2036162	0.2392857142857143	1.0188771	8.437031	1
FAM20C	0.04024818	0.04601556	0.0650887573964497	0.008912237	0.014285714285714285	-2.3552966	14.653373	1
TTYH3	0.42846152	0.4530116	0.4533201840894149	0.2950892	0.3678571428571429	-0.6182266	14.1080675	1
AC060834.2	0.011526041	0.01345995	0.01972386587771203	0.001021586	0.0017857142857142857	-3.5957398	8.590625	1
DGKB	0.009112449	0.010790106	0.015121630506245891	6.693881e-10	0.0	-6.766865	10.3034	1
TWIST1	0.087699994	0.09929757	0.12294543063773833	0.024708463	0.033928571428571426	-2.0023782	20.569202	1
OSBPL3	0.19759853	0.18263187	0.20710059171597633	0.27888587	0.3410714285714286	0.6104637	6.416456	1
SNX10	0.15194082	0.16168614	0.1834319526627219	0.098992504	0.1357142857142857	-0.7072401	5.949163	1
HIBADH	0.08002953	0.08916537	0.10683760683760683	0.03041047	0.044642857142857144	-1.5487962	12.862105	1
TRIL	0.031212693	0.035857394	0.04766600920447074	0.005982823	0.008928571428571428	-2.5634756	11.995336	1
EPDR1	0.22865956	0.24395992	0.26101249178172253	0.14552699	0.18214285714285713	-0.7449576	8.86824	1
AMPH	0.020060956	0.023624737	0.03550295857988166	0.00070281903	0.0017857142857142857	-4.8851733	19.745361	1
MYL7	0.044218887	-1.1568773e-09	0.0	0.28442222	0.3267857142857143	11.474342	42.0976	1
GRB10	0.4628538	0.39905256	0.40532544378698226	0.80942565	0.7	1.0201366	41.059124	1
EGFR	0.0639259	0.07097335	0.09434582511505589	0.025636708	0.0375	-1.4654813	9.583447	1
GUSB	0.19823287	0.1825293	0.210387902695595	0.28352195	0.34285714285714286	0.63505083	6.8890023	1
PHTF2	0.12974744	0.13832235	0.16600920447074294	0.08317417	0.11428571428571428	-0.733136	5.4209466	1
MAGI2	0.11209075	0.11998875	0.1443129520052597	0.06919503	0.08928571428571429	-0.79327714	5.1172132	1
CD36	0.18461956	0.21698584	0.1765285996055227	0.008779559	0.0125	-4.611634	44.55244	1
SEMA3C	0.08229136	0.06474003	0.07297830374753451	0.17763114	0.19642857142857142	1.4547397	9.933897	1
TMEM243	0.20309198	0.2155602	0.2416173570019724	0.13534363	0.18928571428571428	-0.67106736	7.4781265	1
COL1A2	0.43936905	0.47509673	0.3708086785009862	0.24527441	0.2125	-0.9535401	17.14498	1
SGCE	0.20868894	0.22412428	0.2577251808021039	0.12482297	0.16428571428571428	-0.8439038	10.773159	1
PEG10	0.25352535	0.28301483	0.2873109796186719	0.093314685	0.125	-1.5996659	37.524128	1
PDK4	0.05337419	0.061352395	0.07922419460881	0.010028802	0.014285714285714285	-2.6010058	19.319609	1
SLC25A13	0.32790253	0.34467906	0.36620644312952005	0.2367536	0.2875	-0.5416765	7.5642715	1
TAC1	0.094798364	0.10894877	0.10453648915187377	0.017939806	0.014285714285714285	-2.5957177	19.295279	1
GAL3ST4	0.008003892	0.009477475	0.015121630506245891	6.693881e-10	0.0	-6.581564	9.688821	1
TSC22D4	0.2597965	0.27522865	0.30802103879026954	0.17594904	0.225	-0.64517736	8.395936	1
AC105446.1	0.006506452	0.007704371	0.01051939513477975	6.693881e-10	0.0	-6.286201	7.308473	1
COL26A1	0.004839913	0.00573104	0.007232084155161078	6.693881e-10	0.0	-5.8656716	5.158767	1
LRRC17	0.11834639	0.13388234	0.15680473372781065	0.033960752	0.04642857142857143	-1.9758607	26.971037	1
LAMB1	0.88820565	0.8291838	0.6847468770545694	1.2088305	0.8767857142857143	0.54379344	35.30101	1
NRCAM	0.04796246	0.03695262	0.0440499671268902	0.107764445	0.13035714285714287	1.5415719	6.8343773	1
TFEC	0.02067935	0.023897588	0.029914529914529916	0.003198244	0.005357142857142857	-2.8631194	10.100238	1
CPED1	0.06601189	0.07273375	0.09303090072320841	0.02949126	0.04107142857142857	-1.2994361	7.68512	1
KCP	0.032571647	0.03680197	0.05226824457593689	0.009592746	0.01607142857142857	-1.9287206	8.850892	1
MEST	0.121644236	0.13851495	0.14464168310322156	0.030008221	0.03214285714285714	-2.2028534	25.74128	1
AKR1B10	0.007985187	0.009455325	0.011505588428665352	6.693881e-10	0.0	-6.578223	7.7450843	1
PTN	0.12483566	0.1392152	0.1291913214990138	0.046731547	0.05178571428571429	-1.5728	13.612322	1
AC004889.1	0.34664148	0.36686838	0.38625904010519396	0.23674986	0.29642857142857143	-0.6316829	11.264375	1
CNTNAP2	0.038990792	0.04520288	0.05982905982905983	0.0052390313	0.008928571428571428	-3.084953	19.988903	1
ZNF467	0.3588132	0.33454683	0.3530571992110454	0.49062315	0.5375	0.55226994	10.452184	1
LINC01003	0.10851018	0.11608036	0.1383957922419461	0.06739528	0.09285714285714286	-0.7835077	5.1527004	1
ESYT2	0.18435602	0.1694083	0.19493754109138725	0.2655391	0.32321428571428573	0.6481116	6.525439	1
ERICH1	0.2436973	0.22713703	0.2534516765285996	0.3336426	0.3875	0.5545378	6.5497537	1
ARHGEF10	0.23592542	0.22040538	0.24687705456936226	0.32021928	0.37142857142857144	0.5386967	5.8342595	1
PRAG1	0.18565555	0.19864644	0.22616699539776464	0.11506804	0.15535714285714286	-0.78718853	8.757036	1
CLDN23	0.006547007	0.0077523924	0.011505588428665352	6.693881e-10	0.0	-6.2950506	7.683187	1
MSRA	0.20768476	0.22081633	0.2504930966469428	0.1363329	0.18214285714285713	-0.6953085	7.897931	1
FAM167A	0.007025437	0.008318896	0.012491781722550954	6.693881e-10	0.0	-6.39555	8.508696	1
LONRF1	0.09578545	0.085016474	0.1032215647600263	0.1542905	0.19285714285714287	0.8590737	5.4705033	1
DLC1	0.4723352	0.43996334	0.44148586456278766	0.64817655	0.6392857142857142	0.5588983	15.095801	1
MSR1	0.051293112	0.058713395	0.07100591715976332	0.010978396	0.017857142857142856	-2.4083958	17.952888	1
MTUS1	0.21617688	0.18095627	0.19197896120973043	0.40748855	0.40535714285714286	1.1706753	17.820946	1
ASAH1	0.6325822	0.66494423	0.6045364891518737	0.45682856	0.5	-0.54148173	16.669645	1
LZTS1	0.03693207	0.041534383	0.0601577909270217	0.011926947	0.017857142857142856	-1.791505	8.115811	1
GFRA2	0.015773125	0.017883966	0.025969756738987507	0.0043075522	0.007142857142857143	-2.0286617	5.131769	1
PDLIM2	0.63260394	0.59070885	0.5506245890861275	0.860196	0.7571428571428571	0.5421417	21.327106	1
EGR3	0.039250847	0.044122823	0.056870479947403026	0.012778968	0.019642857142857142	-1.7797742	8.294371	1
TNFRSF10D	0.40195015	0.3734454	0.38297172912557526	0.5567825	0.5696428571428571	0.57608944	12.048423	1
LOXL2	0.38086745	0.3528675	0.36456278763971073	0.5329578	0.5589285714285714	0.5947566	12.845473	1
SLC25A37	0.29129493	0.2512342	0.2787639710716634	0.50890106	0.5339285714285714	1.0180618	24.527988	1
NEFM	0.055427723	0.062168013	0.0650887573964497	0.01880696	0.02142857142857143	-1.7195739	7.0545435	1
NEFL	0.044311978	0.05138304	0.05752794214332676	0.0058941636	0.005357142857142857	-3.102467	15.439493	1
EBF2	0.028289305	0.032892257	0.0440499671268902	0.003286218	0.005357142857142857	-3.2843807	15.736448	1
BNIP3L	0.8965365	0.83506864	0.7015121630506246	1.2304487	0.8910714285714286	0.5591624	42.804253	1
CLU	0.22253701	0.24229202	0.22320841551610782	0.115205325	0.12142857142857143	-1.0718831	12.853392	1
ZNF395	0.040877186	0.03344741	0.043721236028928336	0.08123447	0.10714285714285714	1.2776654	5.0254445	1
RBPMS	0.58529574	0.5492247	0.5272846811308349	0.78123695	0.7303571428571428	0.50828576	17.12726	1
TCIM	0.30622593	0.25306737	0.2501643655489809	0.5949807	0.5142857142857142	1.232994	27.455124	1
PLAT	0.1974381	0.21581024	0.2123602892833662	0.09761794	0.10714285714285714	-1.1437364	12.846126	1
SNAI2	0.2441204	0.2640374	0.27909270216962523	0.13590972	0.17142857142857143	-0.9575788	14.799585	1
RGS20	0.07247281	0.07943765	0.09237343852728468	0.034637008	0.048214285714285716	-1.1951644	7.222818	1
RP1	0.086964875	0.07124671	0.08086785009861933	0.17234853	0.21964285714285714	1.273247	10.097298	1
FAM110B	0.07121236	0.08049896	0.1042077580539119	0.020760491	0.03214285714285714	-1.9499881	16.83585	1
AC083967.1	0.06434109	0.07157058	0.07264957264957266	0.025062906	0.023214285714285715	-1.5100826	6.7162223	1
SULF1	0.4343652	0.4802212	0.36489151873767256	0.18524966	0.1767857142857143	-1.37375	34.914085	1
AC087627.1	0.1214438	0.10729077	0.11669953977646286	0.19833125	0.23214285714285715	0.88576925	6.732261	1
JPH1	0.07723296	0.061753888	0.07067718606180144	0.1613148	0.19464285714285715	1.3838366	10.124065	1
ZFHX4	0.06212014	0.07132374	0.09138724523339908	0.0121182855	0.023214285714285715	-2.5473619	25.789974	1
FABP5	1.3729684	1.5021036	0.833990795529257	0.671529	0.5821428571428572	-1.1613439	44.55244	1
FABP4	0.1127562	0.1320389	0.10552268244575937	0.008018093	0.0125	-4.0247707	44.55244	1
CA2	0.4640522	0.4020348	0.3727810650887574	0.80092824	0.6160714285714286	0.99417406	28.922703	1
GEM	0.019630313	0.023065293	0.03188691650230112	0.00097184145	0.0017857142857142857	-4.4338017	16.244898	1
SDC2	0.1272819	0.14634797	0.16272189349112426	0.02372051	0.039285714285714285	-2.620112	44.55244	1
SPAG1	0.06785718	0.07435069	0.08711374095989481	0.032577038	0.04285714285714286	-1.1880081	6.3456807	1
ANGPT1	0.10151669	0.116542585	0.14003944773175542	0.01990223	0.030357142857142857	-2.5438619	34.469624	1
CSMD3	0.012749026	0.014706913	0.020052596975673898	0.002114332	0.0035714285714285713	-2.7413275	6.38966	1
TRPS1	0.1272036	0.13846278	0.1614069690992768	0.06604938	0.0875	-1.0667403	9.696515	1
CCN3	0.0472166	0.053532805	0.05391190006574622	0.012899308	0.0125	-2.0446808	7.8898735	1
DEPTOR	0.11879553	0.12871327	0.14891518737672585	0.064928316	0.08214285714285714	-0.98614115	7.5714593	1
SNTB1	0.11210016	0.09641508	0.11637080867850098	0.19730972	0.24285714285714285	1.0323668	8.87912	1
HAS2	0.03448171	0.03909381	0.05259697567389875	0.009428896	0.01607142857142857	-2.0402448	9.485535	1
MTSS1	0.5359792	0.48493665	0.47435897435897434	0.81324065	0.7375	0.74576604	30.410458	1
SLA	0.009908993	0.011409985	0.015450361604207758	0.0017561909	0.0035714285714285713	-2.632469	5.0654726	1
NDRG1	0.22085205	0.18973956	0.2143326758711374	0.38984743	0.4	1.0384989	15.424578	1
DENND3	0.17184259	0.14782092	0.16699539776462854	0.3023248	0.3482142857142857	1.0317503	13.691234	1
TONSL	0.010240172	0.011790845	0.015121630506245891	0.0018175279	0.0035714285714285713	-2.6325316	5.1484346	1
VLDLR	0.051498745	0.039540056	0.050953320184089414	0.11645442	0.14464285714285716	1.5559728	8.094676	1
PLGRKT	0.16198514	0.17577487	0.20710059171597633	0.08705759	0.125	-1.0128511	12.22271	1
LURAP1L	0.05333721	0.059529975	0.0782380013149244	0.019690635	0.026785714285714284	-1.5912199	8.880738	1
FREM1	0.084008686	0.09380456	0.11735700197238659	0.030804181	0.04107142857142857	-1.6033932	13.7668915	1
BNC2	0.022676568	0.02550103	0.03418803418803419	0.007334472	0.010714285714285714	-1.7838997	5.007078	1
CDKN2A	0.3024618	0.3352511	0.3067061143984221	0.12432554	0.14642857142857144	-1.4303895	32.70535	1
TEK	0.16197404	0.1477898	0.1614069690992768	0.23902084	0.28214285714285714	0.6932172	5.887405	1
AL353746.1	0.016330015	0.018667718	0.02695595003287311	0.003632083	0.005357142857142857	-2.3302002	5.8916593	1
LINGO2	0.016229054	0.01876383	0.027942143326758713	0.0024606052	0.0035714285714285713	-2.8810658	8.340019	1
GLIPR2	0.10572654	0.114083365	0.14003944773175542	0.060338523	0.08035714285714286	-0.9178121	6.263742	1
MAMDC2	0.03576224	0.0407451	0.04963839579224195	0.00869369	0.0125	-2.2156224	10.690423	1
TLE4	0.19246024	0.20493928	0.22813938198553582	0.12465398	0.16428571428571428	-0.7168144	7.4290323	1
TLE1	0.30155754	0.3195115	0.33596318211702825	0.2040113	0.25357142857142856	-0.6469632	9.447651	1
NTRK2	0.029712914	0.033225846	0.04437869822485207	0.010630973	0.01607142857142857	-1.6348608	5.6541066	1
GAS1	0.1346502	0.1555933	0.1702827087442472	0.020892566	0.026785714285714284	-2.8907564	44.55244	1
DAPK1	0.08743755	0.09664723	0.11768573307034845	0.03741717	0.05892857142857143	-1.3666694	11.79168	1
S1PR3	0.16449547	0.19058959	0.20315581854043394	0.022727218	0.033928571428571426	-3.0623991	44.55244	1
SHC3	0.06831388	0.07417214	0.09171597633136094	0.03648453	0.05357142857142857	-1.0215874	5.556674	1
CKS2	0.25289875	0.26823083	0.2863247863247863	0.16959415	0.20892857142857144	-0.66107583	7.7881727	1
SYK	0.021691887	0.024717761	0.03287310979618672	0.0052557015	0.008928571428571428	-2.2122254	7.4191785	1
ABCA1	0.1479646	0.15695427	0.18080210387902695	0.0991273	0.14107142857142857	-0.6624542	5.2899513	1
SLC44A1	0.40378103	0.37931204	0.38625904010519396	0.53668934	0.5571428571428572	0.5005906	9.560482	1
SVEP1	0.02430437	0.027821183	0.03977646285338593	0.0052012997	0.010714285714285714	-2.3969421	10.437037	1
CDC26	0.47388393	0.49905732	0.49474030243261014	0.33712664	0.39464285714285713	-0.56577605	12.990112	1
NIBAN2	0.3246681	0.30061477	0.3231426692965155	0.45531932	0.5142857142857142	0.5987997	11.095121	1
ENG	0.85999936	0.7979496	0.680802103879027	1.1970769	0.8464285714285714	0.585086	33.480137	1
ST6GALNAC6	0.32347083	0.30340663	0.326758711374096	0.43245205	0.48928571428571427	0.5111458	7.9561644	1
DNM1	0.08090876	0.08749828	0.10355029585798817	0.045121223	0.06607142857142857	-0.9539025	5.606023	1
ENTPD2	0.011762402	0.013927886	0.01775147928994083	6.693881e-10	0.0	-7.132144	11.300806	1
TOR4A	0.099312246	0.08649136	0.10683760683760683	0.16896318	0.20892857142857144	0.9652675	7.099218	1
PFKP	0.4739317	0.40747127	0.41946088099934253	0.8349476	0.725	1.0348061	44.55244	1
LINC02669	0.15080492	0.13741836	0.1522024983563445	0.22352393	0.26607142857142857	0.7014503	5.728698	1
MANCR	0.16632739	0.18994194	0.20907297830374755	0.03802863	0.05178571428571429	-2.3173711	44.55244	1
GATA3	0.22327621	0.2419388	0.2606837606837607	0.12187873	0.12857142857142856	-0.9886088	11.842021	1
FAM107B	0.8411183	0.7724819	0.6479289940828402	1.2139724	0.8607142857142858	0.6520947	40.57453	1
HSPA14-1	0.14487925	0.15358995	0.17915844838921763	0.09756553	0.1357142857142857	-0.65410143	5.0963225	1
ITGA8	0.15909788	0.12614045	0.14135437212360288	0.33812886	0.3607142857142857	1.4218255	20.666563	1
RSU1	0.5029193	0.53101695	0.5164365548980934	0.3502773	0.425	-0.60012037	16.263655	1
STAM-AS1	0.012001809	0.013789448	0.018080210387902695	0.002291922	0.0035714285714285713	-2.537747	5.2432294	1
PLXDC2	0.086883545	0.09655802	0.11505588428665352	0.034338277	0.05	-1.4888763	12.542099	1
NRP1	0.8790726	0.8186298	0.6709401709401709	1.2074183	0.8625	0.5605858	33.228863	1
FZD8	0.18353562	0.2045947	0.2353714661406969	0.069119245	0.08928571428571429	-1.5642287	27.31555	1
DEPP1	0.4533643	0.5011849	0.4072978303747535	0.19357713	0.19464285714285715	-1.3719772	40.587334	1
PRKG1	0.18734564	0.20145829	0.23175542406311636	0.110664584	0.14821428571428572	-0.8637005	10.029897	1
LINC02672	0.019055897	0.010979404	0.012491781722550954	0.06292886	0.08035714285714286	2.5081325	6.9206247	1
BICC1	0.028977344	0.032454114	0.04602235371466141	0.010091895	0.017857142857142856	-1.6754177	6.6655226	1
FAM13C	0.07494531	0.08132059	0.09533201840894148	0.04031763	0.055357142857142855	-1.010409	5.5359635	1
SLC16A9	0.11129578	0.13116561	0.1393819855358317	0.003368524	0.0035714285714285713	-5.2420235	44.55244	1
ANK3	0.13824366	0.1481413	0.17685733070348456	0.084485285	0.11428571428571428	-0.80946875	6.5761685	1
TMEM26	0.03872738	0.042994592	0.060486522024983565	0.015540754	0.023214285714285715	-1.4621968	6.189832	1
EGR2	0.02167829	0.025207924	0.03550295857988166	0.0025056205	0.0035714285714285713	-3.2798903	11.992123	1
HK1	0.38305816	0.3569458	0.37409598948060485	0.5248942	0.5625	0.5561923	11.40178	1
FAM241B	0.12978269	0.13924354	0.15943458251150558	0.07839713	0.10714285714285714	-0.8279342	6.53492	1
COL13A1	0.28408918	0.21933782	0.22912557527942143	0.63581705	0.525	1.5350264	36.026302	1
PALD1	0.31344324	0.32907498	0.3458251150558843	0.22851175	0.2857142857142857	-0.525955	7.1398983	1
SPOCK2	0.047490474	0.03220607	0.03418803418803419	0.1305136	0.15714285714285714	2.0154278	11.117884	1
DDIT4	0.15150365	0.111491755	0.12590401051939515	0.36885843	0.4089285714285714	1.7252278	29.447191	1
OIT3	0.028596995	0.0070381146	0.007560815253122946	0.14570805	0.12321428571428572	4.3523836	13.414646	1
P4HA1	0.669569	0.5864289	0.5516107823800132	1.1212126	0.8464285714285714	0.93491447	44.55244	1
FUT11	0.2547577	0.22981887	0.2583826429980276	0.39021736	0.45535714285714285	0.7635227	13.106324	1
PLAU	0.7742835	0.84085333	0.6545036160420776	0.4127269	0.44285714285714284	-1.0264888	44.55244	1
PLAC9	0.0460756	0.052558053	0.06377383300460224	0.01085534	0.017857142857142856	-2.26502	14.518182	1
PAPSS2	0.23158965	0.20848401	0.23833004602235372	0.35709056	0.42142857142857143	0.7760653	12.067805	1
FAS	0.24451472	0.26259634	0.28895463510848124	0.14627416	0.19107142857142856	-0.8437351	12.767437	1
IFIT2	0.067118384	0.075056925	0.09270216962524655	0.02398863	0.03571428571428571	-1.6415538	11.867457	1
TNKS2-AS1	0.01298532	0.014953758	0.01972386587771203	0.0022933057	0.0035714285714285713	-2.653047	5.9313993	1
HHEX	0.29318213	0.27132425	0.2784352399737015	0.41190654	0.44285714285714284	0.60211766	8.672984	1
LGI1	0.009267987	0.010974276	0.015779092702169626	6.693881e-10	0.0	-6.791059	10.327838	1
PDLIM1	0.40525427	0.3677531	0.37738330046022356	0.6089565	0.5875	0.72744644	18.221855	1
SORBS1	0.08059339	0.06869266	0.08744247205785667	0.14523843	0.18392857142857144	1.0790895	6.9265447	1
HPS1	0.1705484	0.1822228	0.2094017094017094	0.10711165	0.1375	-0.7660333	7.1869383	1
ITPRIP	0.06741506	0.058693577	0.06870479947403024	0.11478533	0.15357142857142858	0.9664641	5.0198684	1
MXI1	0.1534409	0.1346926	0.15844838921762	0.25528458	0.30357142857142855	0.9219301	9.80927	1
ADRA2A	0.012845702	0.01482129	0.01873767258382643	0.0021148557	0.0035714285714285713	-2.7520876	6.260767	1
AFAP1L2	0.103694655	0.11428485	0.14201183431952663	0.046174735	0.06428571428571428	-1.3055993	12.097131	1
ATRNL1	0.020276412	0.023009637	0.03188691650230112	0.0054299277	0.010714285714285714	-2.063162	6.8110595	1
GFRA1	0.050467137	0.058959745	0.07856673241288625	0.0043273396	0.005357142857142857	-3.7376633	29.869041	1
HTRA1	0.7944724	0.7109093	0.5877712031558185	1.2484233	0.7785714285714286	0.8122824	39.121056	1
CPXM2	0.63470584	0.56573695	0.5187376725838264	1.0093644	0.7660714285714286	0.83513165	39.30589	1
ADAM12	0.26317585	0.22688527	0.2504930966469428	0.46030107	0.4732142857142857	1.0202924	19.331547	1
EBF3	0.041613817	0.047274314	0.05654174884944116	0.010858508	0.014285714285714285	-2.1120536	10.643669	1
BNIP3	0.6784203	0.5741312	0.5358316896778436	1.24494	0.8589285714285714	1.1164885	44.55244	1
IFITM2	1.3672272	1.2746894	0.8612754766600921	1.8699104	0.9803571428571428	0.5527873	44.55244	1
SIGIRR	0.3167987	0.26862645	0.2876397107166338	0.5784678	0.5928571428571429	1.1063478	32.713932	1
MIR210HG	0.07536597	0.040979534	0.047337278106508875	0.2621552	0.3	2.6744795	29.264082	1
H19	0.34675843	0.28065836	0.2593688362919132	0.70581037	0.45535714285714285	1.3301562	19.416862	1
IGF2	0.07875293	0.06298035	0.07725180802103879	0.16442963	0.15892857142857142	1.383085	7.2709117	1
KCNQ1	0.089288376	0.074012406	0.08547008547008547	0.17227235	0.2125	1.2177414	9.27689	1
CDKN1C	0.2627988	0.27989575	0.28172255095332016	0.16990733	0.19285714285714287	-0.719808	8.594161	1
PHLDA2	0.68479294	0.722733	0.6107823800131492	0.4787489	0.4875	-0.5940921	19.836287	1
DCHS1	0.33537108	0.31027892	0.3346482577251808	0.47166696	0.5160714285714286	0.60404384	11.323836	1
PPFIBP2	0.021263167	0.024655452	0.03517422748191979	0.0028366186	0.0035714285714285713	-3.0755184	10.936125	1
RIC3	0.028010722	0.031767644	0.03977646285338593	0.0076033864	0.008928571428571428	-2.0485277	6.997267	1
LYVE1	1.2135957	1.2911552	0.6988823142669297	0.7923314	0.525	-0.70441616	29.475735	1
GALNT18	0.34293905	0.311556	0.3238001314924392	0.5134086	0.5410714285714285	0.720434	15.438682	1
LDHA	1.2650604	1.1337216	0.7836949375410914	1.9785116	0.9446428571428571	0.8032947	44.55244	1
SVIP	0.60573226	0.6375859	0.57922419460881	0.43272123	0.48214285714285715	-0.5590747	16.473906	1
FIBIN	0.029947678	0.033384357	0.043721236028928336	0.011279958	0.017857142857142856	-1.5569922	5.4821153	1
LGR4	0.19997634	0.21494025	0.24293228139381987	0.11867119	0.15357142857142858	-0.8564217	10.470158	1
CD44	0.1919799	0.17453554	0.19493754109138725	0.28672487	0.3053571428571429	0.7158228	6.8838334	1
LRRC4C	0.048399635	0.05533949	0.07001972386587771	0.0106947245	0.017857142857142856	-2.3605876	16.500463	1
C11orf96	0.37926722	0.39999402	0.3698224852071006	0.2666613	0.2892857142857143	-0.58478975	8.679137	1
MDK	0.44997975	0.49603844	0.39447731755424065	0.19976331	0.19464285714285715	-1.311729	35.4668	1
LRRC55	0.015474932	0.0097428635	0.011505588428665352	0.046612754	0.0625	2.2466667	5.037456	1
APLNR	0.079499885	0.03626314	0.03780407626561473	0.31436634	0.3053571428571429	3.1123567	29.54779	1
TIMM10	0.2738613	0.29684904	0.32938856015779094	0.1489696	0.19285714285714287	-0.99422914	19.38978	1
MS4A7	0.031921484	0.03668632	0.04700854700854701	0.0060389726	0.008928571428571428	-2.5831003	12.514616	1
FADS3	0.191979	0.20450796	0.23011176857330704	0.12389989	0.15535714285714286	-0.72252345	7.1648626	1
EFEMP2	0.3085771	0.28809196	0.3145956607495069	0.41984442	0.46785714285714286	0.5431684	8.214557	1
POLD4	0.47244725	0.4391017	0.4470742932281394	0.653576	0.6589285714285714	0.57369226	16.429813	1
STARD10	0.057742275	0.049487006	0.0631163708086785	0.10257978	0.1392857142857143	1.050118	5.0051527	1
PGM2L1	0.4044028	0.36963844	0.3816568047337278	0.5932384	0.55	0.6823502	13.7494755	1
KCNE3	0.052933786	0.042114384	0.04963839579224195	0.111699864	0.125	1.4051119	6.0979795	1
MAP6	0.046084598	0.05083663	0.0611439842209073	0.020264355	0.030357142857142857	-1.3226575	5.960592	1
PRCP	0.6085341	0.5462891	0.49441157133464825	0.946663	0.7017857142857142	0.79307467	26.729494	1
TMEM126B	0.38516733	0.40421465	0.42077580539119	0.28168604	0.3410714285714286	-0.5208783	8.960306	1
HIKESHI	0.5654057	0.59296256	0.5631163708086785	0.41570297	0.4875	-0.51228434	14.260229	1
FZD4	0.29967847	0.27866375	0.3037475345167653	0.4138236	0.45535714285714285	0.57032156	8.235858	1
NOX4	0.20762295	0.17164107	0.1946088099934254	0.40307045	0.44642857142857145	1.2311548	23.897291	1
FAT3	0.024987448	0.02937296	0.04076265614727153	0.001165552	0.0017857142857142857	-4.5415535	19.934679	1
ENDOD1	0.21729322	0.20321077	0.22616699539776464	0.29377702	0.3410714285714286	0.5315258	5.1260424	1
SESN3	0.17916708	0.19694154	0.21597633136094674	0.08259338	0.10714285714285714	-1.252656	17.652647	1
TRPC6	0.0036707823	0.00434651	0.006903353057199211	6.693881e-10	0.0	-5.4745917	5.016387	1
YAP1	0.10297409	0.11075261	0.14398422090729784	0.060727146	0.08214285714285714	-0.8658556	5.5608845	1
MMP10	0.108379304	0.12025564	0.10848126232741617	0.0438732	0.05	-1.4526073	10.775499	1
MMP1	2.0278683	2.1907423	0.8790269559500329	1.1431543	0.6089285714285714	-0.93833923	44.55244	1
MMP13	0.091269754	0.10807311	0.08941485864562787	6.693881e-10	0.0	-10.079117	44.55244	1
GRIA4	0.19098873	0.21971309	0.2294543063773833	0.034932785	0.044642857142857144	-2.6494997	44.55244	1
SDHD	0.30842337	0.3324296	0.35634451019066404	0.17800051	0.22857142857142856	-0.90079105	18.38353	1
CADM1	0.27389345	0.29832676	0.30999342537804075	0.14114928	0.16964285714285715	-1.0791333	19.817963	1
SCN3B	0.50126463	0.5429984	0.4921104536489152	0.2745469	0.3107142857142857	-0.9836356	31.563887	1
NRGN	0.2599489	0.22729401	0.25509533201840895	0.4373229	0.4357142857142857	0.9438345	15.961272	1
STT3A	0.2933314	0.30795854	0.33727810650887574	0.21385765	0.2714285714285714	-0.52587914	6.8178782	1
AC007406.3	0.004582317	0.0054260236	0.007232084155161078	6.693881e-10	0.0	-5.7881603	5.085849	1
ZNF384	0.076584004	0.08375513	0.10355029585798817	0.03763568	0.05	-1.1519697	6.958517	1
TPI1	1.755056	1.6232632	0.9362261669953977	2.4709706	0.9982142857142857	0.6061503	44.55244	1
ENO2	0.12749651	0.07625952	0.09007232084155162	0.40582833	0.43214285714285716	2.410345	40.906136	1
ATN1	0.30035675	0.31862003	0.3458251150558843	0.20113154	0.25892857142857145	-0.66343325	10.546207	1
SLC2A3	0.4707524	0.3850644	0.3980933596318212	0.93621653	0.7553571428571428	1.281522	44.55244	1
A2M	0.59927213	0.5379643	0.4832347140039448	0.93230116	0.7142857142857143	0.79317224	29.6982	1
CLEC2B	0.38104683	0.40337446	0.40433925049309666	0.25974378	0.2982142857142857	-0.63483286	11.049679	1
CLEC1B	0.015465952	0.017769974	0.021367521367521368	0.0029510038	0.005357142857142857	-2.5501816	6.6326375	1
CLEC7A	0.006261028	0.0074137673	0.009204470742932281	6.693881e-10	0.0	-6.231455	6.5041714	1
MGP	0.41188997	0.4709659	0.30407626561472717	0.09096026	0.075	-2.3710353	44.55244	1
RERG	0.04611384	0.052472997	0.07034845496383958	0.011563367	0.02142857142857143	-2.1723378	14.7866	1
MGST1	0.13684444	0.14993955	0.1712689020381328	0.06571736	0.08214285714285714	-1.1888027	11.733871	1
RERGL	0.011437159	0.0135427695	0.01873767258382643	6.693881e-10	0.0	-7.0919833	11.579523	1
SOX5	0.15830351	0.14559387	0.16962524654832348	0.22733855	0.2857142857142857	0.64253664	5.6377425	1
TMTC1	0.039125107	0.04415583	0.05489809335963182	0.011790847	0.017857142857142856	-1.8960161	9.277867	1
SINHCAF	0.20448537	0.18605688	0.21367521367521367	0.3045771	0.3625	0.7107621	8.616343	1
SYT10	0.09099366	0.10014555	0.0992767915844839	0.041287225	0.039285714285714285	-1.2762808	6.7779994	1
GXYLT1	0.26844925	0.24980672	0.27481919789612097	0.36970603	0.42857142857142855	0.5653791	7.661347	1
ANO6	0.22840317	0.21448362	0.24720578566732412	0.30400297	0.38035714285714284	0.5030199	5.5405135	1
SLC38A1	0.5070452	0.5494542	0.5082182774490467	0.276659	0.30892857142857144	-0.9896317	32.9453	1
GRASP	0.23472832	0.2169439	0.23668639053254437	0.33132294	0.3892857142857143	0.61068654	7.556781	1
IGFBP6	0.06383963	0.04258908	0.05456936226166995	0.17926975	0.20714285714285716	2.0709977	14.622804	1
AC073611.1	0.042683043	0.04773106	0.05982905982905983	0.015254933	0.025	-1.6392456	8.335553	1
HOXC9	0.11304604	0.122949824	0.14497041420118342	0.059254672	0.07678571428571429	-1.0518091	8.386174	1
PDE1B	0.026308235	0.030533032	0.041748849441157136	0.0033593497	0.005357142857142857	-3.1465154	14.755651	1
PYM1	0.22384664	0.23667377	0.2705456936226167	0.1541497	0.20357142857142857	-0.6182416	6.9098077	1
SPRYD4	0.070744924	0.07684822	0.09566074950690336	0.037584305	0.05357142857142857	-1.029924	5.5859094	1
NXPH4	0.008414274	0.009775341	0.01413543721236029	0.001021586	0.0017857142857142857	-3.1382904	5.309071	1
ARHGEF25	0.012908109	0.014934139	0.0210387902695595	0.0019032293	0.0035714285714285713	-2.9078429	7.251746	1
CDK4	0.5070996	0.5372808	0.5233399079552926	0.34313926	0.4035714285714286	-0.64673024	17.835691	1
PPM1H	0.025557512	0.028770635	0.036817882971729124	0.008104194	0.0125	-1.8151693	6.112497	1
DPY19L2	0.014872503	0.017222349	0.021696252465483234	0.00210864	0.0035714285714285713	-2.9714043	7.8920407	1
AC026124.1	0.07500447	0.08179405	0.10190664036817883	0.03812683	0.05178571428571429	-1.0991731	6.3706756	1
GRIP1	0.015289583	0.017835734	0.024326101249178174	0.0014593431	0.0017857142857142857	-3.5238266	9.215125	1
PTPRB	0.3754246	0.35125113	0.36620644312952005	0.5067278	0.5339285714285714	0.5285823	9.668348	1
LGR5	0.0054186666	0.006416336	0.008875739644970414	6.693881e-10	0.0	-6.0259795	6.0971146	1
TRHDE	0.040251084	0.046958975	0.0670611439842209	0.0038060476	0.007142857142857143	-3.5906885	26.56622	1
TRHDE-AS1	0.028999882	0.033499673	0.04569362261669954	0.0045571616	0.007142857142857143	-2.8509245	13.648633	1
GLIPR1	0.04494128	0.049549744	0.06476002629848784	0.01990087	0.03214285714285714	-1.3117236	6.078048	1
NAV3	0.09236064	0.10611834	0.13050624589086127	0.017635165	0.025	-2.582348	32.42405	1
MGAT4C	0.011007474	0.0129040005	0.016107823800131493	0.00070608547	0.0017857142857142857	-4.011879	8.470086	1
KITLG	0.607423	0.6384598	0.5571992110453649	0.43884912	0.4767857142857143	-0.54076815	14.666735	1
LUM	0.10611954	0.1161657	0.1242603550295858	0.05155509	0.055357142857142855	-1.170443	7.426174	1
AC025164.1	0.013055523	0.015003761	0.018080210387902695	0.0024732375	0.0035714285714285713	-2.5532513	5.2409964	1
GAS2L3	0.22882988	0.25484812	0.26397107166337935	0.08747467	0.10535714285714286	-1.5416181	30.35463	1
CHPT1	0.14344975	0.1527668	0.17981591058514135	0.09284301	0.13035714285714287	-0.7178568	5.9464846	1
GLT8D2	0.10596445	0.1133909	0.13708086785009863	0.065629974	0.09821428571428571	-0.78795326	5.4344144	1
ISCU	0.6137363	0.66239107	0.6035502958579881	0.3494871	0.4107142857142857	-0.9222492	41.411934	1
TMEM119	0.008591018	0.010172684	0.014792899408284023	6.693881e-10	0.0	-6.6826596	9.708644	1
C12orf76	0.20312247	0.18609439	0.2123602892833662	0.29560852	0.35	0.66736615	7.5319753	1
DTX1	0.014586751	0.01686646	0.026298487836949377	0.0022038468	0.0035714285714285713	-2.8805687	7.8692803	1
WSB2	0.25034717	0.2662746	0.2948717948717949	0.1638083	0.21428571428571427	-0.70056754	9.4745035	1
HSPB8	0.14470361	0.16018815	0.1814595660749507	0.060587723	0.08571428571428572	-1.4011912	19.036495	1
PXN	0.23509918	0.21378677	0.23339907955292571	0.35085946	0.40535714285714286	0.71445715	10.02159	1
AC068790.9	0.005312223	0.006290298	0.006903353057199211	6.693881e-10	0.0	-5.997802	5.0905724	1
NUP58	0.21617748	0.20055684	0.22912557527942143	0.3010165	0.35892857142857143	0.5855914	6.4631815	1
FLT1	2.0931535	1.9267337	0.9612097304404996	2.9971573	0.9964285714285714	0.6374108	44.55244	1
SLC46A3	0.4464792	0.4703907	0.45923734385272846	0.31657445	0.3625	-0.57116574	11.405366	1
HSPH1	0.52570957	0.5542494	0.5157790927021696	0.37066582	0.425	-0.5802874	14.475056	1
POSTN	0.08852936	0.10097748	0.11439842209072978	0.020917699	0.023214285714285715	-2.265785	18.062132	1
TNFSF11	0.013076824	0.0152924135	0.024326101249178174	0.0010422523	0.0017857142857142857	-3.7522664	10.451094	1
LACC1	0.11947485	0.1323902	0.1531886916502301	0.04932419	0.07321428571428572	-1.4225965	16.33816	1
SERP2	0.27768072	0.25925875	0.2859960552268245	0.37774011	0.41785714285714287	0.5428269	6.9588737	1
LPAR6	0.1654594	0.15126269	0.16863905325443787	0.24257204	0.2732142857142857	0.68099827	5.554438	1
PCDH17	0.9828912	0.8752552	0.6620644312952005	1.5675964	0.8553571428571428	0.8407057	44.55244	1
PCDH9	0.22962072	0.26063946	0.2564102564102564	0.061101824	0.08035714285714286	-2.0909622	44.55244	1
DACH1	0.040194534	0.044555746	0.05555555555555555	0.016497228	0.02142857142857143	-1.4279034	5.287604	1
KLF5	0.05815191	0.048656635	0.059500328731097965	0.109725244	0.13392857142857142	1.1715392	5.5634613	1
KCTD12	0.34612572	0.365763	0.3678500986193294	0.23943675	0.2767857142857143	-0.61105645	9.046748	1
EDNRB	0.15109462	0.1292056	0.1334648257725181	0.27000108	0.2857142857142857	1.0627145	10.4513645	1
SPRY2	0.3112376	0.34085065	0.35502958579881655	0.15035714	0.19642857142857142	-1.1802104	29.429943	1
GPC6	0.17422259	0.15787788	0.1811308349769888	0.26299864	0.3053571428571429	0.73588115	7.4328146	1
MCF2L	0.09421962	0.07894641	0.09598948060486522	0.17718977	0.21607142857142858	1.1653373	9.095273	1
RNASE4	0.09060867	0.07239221	0.08777120315581854	0.18956505	0.23392857142857143	1.387556	12.115436	1
RNASE1	0.51822996	0.48260832	0.44806048652202496	0.7117242	0.6464285714285715	0.56036943	14.180097	1
NDRG2	0.12579496	0.11090817	0.1301775147928994	0.20666793	0.25	0.8973465	7.5007253	1
MMP14	0.5766679	0.6147772	0.5713346482577252	0.36964852	0.42678571428571427	-0.73375404	25.417807	1
SLC7A8	0.1326735	0.15169613	0.16995397764628534	0.029348107	0.04107142857142857	-2.365888	39.550198	1
MYH6	0.020701647	-1.1568773e-09	0.0	0.13315596	0.16071428571428573	10.380001	17.860626	1
MYH7	0.008161548	-1.1568773e-09	0.0	0.052496243	0.06428571428571428	9.038833	8.425608	1
ARHGAP5-AS1	0.057796963	0.06423626	0.07790927021696252	0.022811262	0.033928571428571426	-1.4895751	8.97637	1
EGLN3	0.42811203	0.3895136	0.3957922419460881	0.63777536	0.6107142857142858	0.7112306	19.08818	1
LRFN5	0.045634646	0.051304936	0.06969099276791585	0.014826243	0.023214285714285715	-1.7840558	10.171514	1
PTGDR	0.010408337	0.012324552	0.01775147928994083	6.693881e-10	0.0	-6.9570403	11.7153635	1
ERO1A	0.43028495	0.3743117	0.38724523339907957	0.73433125	0.6696428571428571	0.9720021	34.090958	1
AL133453.1	0.12497534	0.0964765	0.11538461538461539	0.27979183	0.33214285714285713	1.5351251	20.105885	1
GMFB	0.20613444	0.21756928	0.2508218277449047	0.14400023	0.19464285714285715	-0.5950652	6.163435	1
SAMD4A	0.0817452	0.072632544	0.09237343852728468	0.13124765	0.18035714285714285	0.8527175	5.100454	1
LGALS3	0.12322243	0.13482964	0.15121630506245892	0.060177922	0.07321428571428572	-1.1625056	9.62959	1
JKAMP	0.33290744	0.34949553	0.3704799474030243	0.24278276	0.3125	-0.52542657	8.02198	1
SLC38A6	0.11446427	0.1235973	0.15088757396449703	0.06485967	0.08928571428571429	-0.9291977	7.286402	1
PRKCH	0.21447322	0.19414368	0.2172912557527942	0.32489306	0.3875	0.74254113	10.0818615	1
ARG2	0.05899858	0.049534697	0.059500328731097965	0.11040129	0.13392857142857142	1.1546423	5.3742714	1
PNMA1	0.18227895	0.19386783	0.22024983563445102	0.11930742	0.15892857142857142	-0.699925	6.7841344	1
NPC2	1.2053472	1.2712494	0.8586456278763971	0.8473771	0.7625	-0.58511424	44.55244	1
PGF	1.2795823	1.4056007	0.8385930309007232	0.5950749	0.4982142857142857	-1.2399038	44.55244	1
EIF2B2	0.42390758	0.45089322	0.4510190664036818	0.27730316	0.3410714285714286	-0.7011216	16.839048	1
FOS	0.52896416	0.5648411	0.4349112426035503	0.33406106	0.30892857142857144	-0.7575569	16.37615	1
TGFB3	0.033370327	0.038801655	0.04963839579224195	0.003867367	0.005357142857142857	-3.2935777	16.221725	1
FBLN5	0.022109872	0.025476124	0.03616042077580539	0.003824704	0.005357142857142857	-2.7041419	9.719183	1
TMEM251	0.16105689	0.17681666	0.20907297830374755	0.075427294	0.10535714285714286	-1.2279998	16.54669	1
GON7	0.18186381	0.19228105	0.21893491124260356	0.12525661	0.16785714285714284	-0.61792856	5.625094	1
SERPINA1	0.010179635	0.00019382144	0.0003287310979618672	0.06442399	0.08214285714285714	7.7787523	10.374341	1
MEG3	0.27893516	0.2954017	0.2715318869165023	0.18946716	0.1625	-0.6404572	5.6375904	1
DIO3OS	0.011600605	0.006405366	0.006903353057199211	0.039822392	0.05357142857142857	2.6174963	5.137202	1
PPP1R13B	0.21936475	0.20429668	0.22813938198553582	0.30120268	0.3625	0.5598417	6.048496	1
CRIP1	0.2060626	0.18074363	0.17455621301775148	0.3435853	0.31607142857142856	0.9263453	9.801427	1
GABRG3	0.010833076	0.012827481	0.016765285996055226	6.693881e-10	0.0	-7.014288	10.893266	1
NSMCE3	0.23108366	0.24269581	0.27218934911242604	0.16798685	0.22142857142857142	-0.53053665	5.49177	1
LPCAT4	0.07947987	0.0869657	0.10552268244575937	0.03882375	0.05357142857142857	-1.1614538	7.5401206	1
ACTC1	0.043266952	0.001991233	0.0023011176857330702	0.26748243	0.3142857142857143	6.9994855	39.534466	1
SPRED1	0.6062387	0.5684319	0.5292570677186061	0.81161445	0.7017857142857142	0.513731	15.791719	1
MAP1A	0.5543803	0.590208	0.48652202498356345	0.35974494	0.34285714285714286	-0.7140927	16.441172	1
SEMA6D	0.09784288	0.105080016	0.1291913214990138	0.058537	0.08214285714285714	-0.8429774	5.3405147	1
TMOD2	0.6010358	0.557129	0.5161078238001315	0.8395426	0.7196428571428571	0.591505	20.851946	1
MYO5C	0.07942819	0.086430006	0.09796186719263643	0.041401066	0.05357142857142857	-1.0600522	5.9631925	1
FAM214A	0.34589738	0.37079337	0.3711374095989481	0.2106417	0.26071428571428573	-0.8155287	16.32966	1
UNC13C	0.010704841	0.012525333	0.018408941485864562	0.0008164855	0.0017857142857142857	-3.7840655	8.927457	1
PYGO1	0.021976445	0.024713926	0.03353057199211045	0.0071068984	0.010714285714285714	-1.7836996	5.18985	1
POLR2M	0.1505149	0.15959078	0.18967784352399736	0.10120738	0.14107142857142857	-0.6565417	5.278126	1
ALDH1A2	0.13446654	0.15590745	0.1673241288625904	0.018004846	0.019642857142857142	-3.1071672	44.55244	1
FAM81A	0.004647608	0.005503334	0.007889546351084813	6.693881e-10	0.0	-5.808204	5.408996	1
RORA	0.34350628	0.3653831	0.3704799474030243	0.22465064	0.2642857142857143	-0.7014794	12.068183	1
IGDCC4	0.023886986	0.0271428	0.03780407626561473	0.006201724	0.010714285714285714	-2.1120565	7.943334	1
SMAD6	0.0816846	0.06824603	0.08382642998027613	0.15468445	0.19285714285714287	1.1793312	8.051888	1
GLCE	0.11247364	0.10144939	0.12097304404996713	0.17236453	0.2125	0.7641181	5.201834	1
LARP6	0.15654583	0.16912849	0.1985535831689678	0.08817509	0.12321428571428572	-0.9388942	10.232541	1
NEO1	0.14368348	0.15322438	0.18671926364234057	0.09185871	0.12857142857142856	-0.73752904	6.227676	1
ISLR	0.09354444	0.109047934	0.13313609467455623	0.009335661	0.0125	-3.5320175	44.55244	1
SEMA7A	0.061592557	0.067403495	0.08053911900065747	0.03002024	0.04107142857142857	-1.1642289	5.883975	1
CSPG4	0.11971789	0.12857315	0.15516107823800132	0.07162215	0.08928571428571429	-0.84322035	5.756907	1
LINGO1	0.11241455	0.1277982	0.1525312294543064	0.028856443	0.044642857142857144	-2.1430397	30.880444	1
CRABP1	0.07583214	0.08427102	0.09303090072320841	0.02999924	0.030357142857142857	-1.4870205	7.8325205	1
MTHFS	0.15622157	0.16698827	0.19296515450361604	0.0977183	0.13392857142857142	-0.7724342	7.0666914	1
AC015871.1	0.14791529	0.15755048	0.18869165023011178	0.09557238	0.13214285714285715	-0.72055525	6.142994	1
MEX3B	0.09788745	0.10692079	0.12163050624589086	0.04882445	0.06428571428571428	-1.1292636	8.3333645	1
ALPK3	0.1271045	0.10496836	0.11998685075608152	0.24735726	0.3	1.235851	13.820367	1
PDE8A	0.2716599	0.25129348	0.28139381985535833	0.3822818	0.44107142857142856	0.60506666	8.808799	1
NTRK3	0.01229084	0.014407208	0.020381328073635765	0.0007952281	0.0017857142857142857	-4.0183706	9.938348	1
ISG20	0.22309768	0.20831698	0.22879684418145957	0.3033742	0.3357142857142857	0.5421009	5.1632376	1
IDH2	0.6194319	0.578564	0.5509533201840894	0.8414384	0.7607142857142857	0.54030323	21.111408	1
NR2F2-AS1	0.0450608	0.051011372	0.06607495069033531	0.012729762	0.023214285714285715	-1.99415	13.027639	1
NR2F2	0.30055296	0.3284224	0.3027613412228797	0.14914343	0.15714285714285714	-1.1383243	19.842138	1
CHSY1	0.16947421	0.1537674	0.18277449046679817	0.25478688	0.3196428571428571	0.7281693	7.7368264	1
TMEM204	0.34280103	0.29573014	0.3175542406311637	0.5984881	0.6017857142857143	1.0167947	30.11689	1
NPW	0.06501182	0.071640104	0.0880999342537804	0.028999597	0.039285714285714285	-1.3017807	6.9501867	1
AC108134.4	0.006080424	0.007199916	0.008875739644970414	6.693881e-10	0.0	-6.1897984	6.238251	1
TFAP4	0.036123324	0.040140178	0.05128205128205128	0.01430158	0.017857142857142856	-1.4824096	5.259152	1
VASN	0.0314845	0.035412017	0.04963839579224195	0.010150464	0.01607142857142857	-1.7926182	7.3251457	1
SOCS1	0.048306044	0.053599134	0.06969099276791585	0.019546734	0.033928571428571426	-1.4506093	7.759723	1
LITAF	0.09891663	0.10764807	0.13379355687047995	0.051493697	0.06607142857142857	-1.0623952	6.955955	1
GPRC5B	0.19081444	0.20345107	0.21992110453648916	0.122151166	0.15535714285714286	-0.73554254	7.426005	1
IL4R	0.30503327	0.2835123	0.3067061143984221	0.42192718	0.4714285714285714	0.5734158	9.086661	1
NUPR1	0.03336119	0.03791588	0.04667981591058514	0.008620274	0.0125	-2.124157	8.643264	1
MYLPF	0.007887082	0.00933916	0.011834319526627219	6.693881e-10	0.0	-6.560577	8.108414	1
CCDC189	0.069718726	0.07602442	0.08908612754766601	0.03545878	0.048214285714285716	-1.0981534	5.736844	1
VKORC1	0.9160192	0.8590998	0.722550953320184	1.2252259	0.8928571428571429	0.5121	35.983433	1
BCKDK	0.20393878	0.18844159	0.21794871794871795	0.28810722	0.34464285714285714	0.6122236	6.3094773	1
NETO2	0.6755534	0.7272737	0.6134122287968442	0.39465925	0.43214285714285716	-0.88172376	38.424408	1
MT2A	0.055078592	0.06163461	0.07758053911900066	0.019458797	0.026785714285714284	-1.658262	9.491718	1
CDH11	0.24847826	0.27928543	0.2685733070348455	0.081108645	0.09464285714285714	-1.7825515	38.871914	1
HSD11B2	0.06604603	0.075557195	0.09434582511505589	0.014373385	0.019642857142857142	-2.3860748	20.485905	1
MARVELD3	0.018668031	0.022104768	0.027613412228796843	6.693881e-10	0.0	-7.794716	17.43169	1
CDH13	0.3524741	0.31212723	0.32938856015779094	0.57163507	0.5339285714285714	0.87275046	20.069424	1
SPNS2	0.06557449	0.056787416	0.06837606837606838	0.11330085	0.15	0.99525005	5.0451846	1
CLDN7	0.19819085	0.18423101	0.2074293228139382	0.27400842	0.34285714285714286	0.5724478	5.891321	1
FGF11	0.022271575	0.012491695	0.015450361604207758	0.07539753	0.09464285714285714	2.583957	8.495206	1
SENP3	0.054535564	0.05960791	0.07462195923734385	0.026975404	0.039285714285714285	-1.1409394	5.2849092	1
ATP1B2	0.051119424	0.057295468	0.07363576594345825	0.01756369	0.025	-1.7001501	9.588665	1
TMEM107	0.20982516	0.19234592	0.22024983563445102	0.30476093	0.3607142857142857	0.6636982	7.815931	1
MFAP4	0.03330849	0.038064368	0.05062458908612755	0.0074747014	0.010714285714285714	-2.3329654	10.850246	1
SPECC1	0.043360338	0.048467685	0.06738987508218278	0.015609896	0.023214285714285715	-1.6283232	7.9373937	1
KCNJ12	0.08003896	0.088833064	0.10650887573964497	0.03227615	0.04285714285714286	-1.4577883	10.843958	1
SARM1	0.042921927	0.04780593	0.05818540433925049	0.016384767	0.023214285714285715	-1.5390708	6.7720914	1
ALDOC	0.03358444	0.023210311	0.027613412228796843	0.08993856	0.12321428571428572	1.9495747	8.807962	1
GIT1	0.22200273	0.20594037	0.23372781065088757	0.30924276	0.3625	0.58627915	6.5021224	1
ADAP2	0.015444861	0.017529598	0.026627218934911243	0.0041210987	0.007142857142857143	-2.062309	5.300523	1
EVI2A	0.0067984946	0.008050176	0.011176857330703484	6.693881e-10	0.0	-6.3487496	7.3577485	1
COPRS	0.36763963	0.39059588	0.40631163708086787	0.24292322	0.3	-0.6849519	13.753335	1
CCL8	0.024230171	0.028379204	0.027284681130834976	0.0016928586	0.0017857142857142857	-3.9895751	11.781819	1
CCL14	0.07502503	0.08190717	0.09040105193951348	0.037643436	0.04642857142857143	-1.1195242	5.847604	1
PLXDC1	0.16962041	0.19511685	0.20381328073635765	0.031098692	0.03571428571428571	-2.6455202	44.55244	1
MAPT	0.057229206	0.06423462	0.08547008547008547	0.019168165	0.026785714285714284	-1.7393762	11.243136	1
MYL4	0.032755885	0.012065671	0.015121630506245891	0.1451483	0.18214285714285713	3.5776336	19.100613	1
SP6	0.13035253	0.11683678	0.13182117028270873	0.20377807	0.25	0.8019779	6.5238423	1
ABI3	0.12107049	0.10398677	0.12195923734385272	0.2138771	0.25892857142857145	1.0396696	9.744325	1
COL1A1	0.39176384	0.42736185	0.3241288625904011	0.19837102	0.15	-1.1068672	16.12865	1
CA10	0.013370014	0.015623793	0.024326101249178174	0.0011279897	0.0017857142857142857	-3.6785789	10.2313	1
SCPEP1	0.34192842	0.37096363	0.37836949375410917	0.18418747	0.2375	-1.0097085	24.678265	1
SEPTIN4	0.08170023	0.09082049	0.11176857330703485	0.032165773	0.044642857142857144	-1.4946008	11.397803	1
VMP1	0.7608908	0.8022585	0.6794871794871795	0.53622454	0.5535714285714286	-0.58114076	23.391638	1
RNFT1	0.12905425	0.13870426	0.16765285996055226	0.07664138	0.10535714285714286	-0.8549751	7.0136113	1
TBX2-AS1	0.031382676	0.035406	0.049967126890203814	0.009528265	0.01607142857142857	-1.8827152	8.362991	1
TBX2	0.21722074	0.2461585	0.24786324786324787	0.060006052	0.07321428571428572	-2.0345914	41.8973	1
AC080038.1	0.008439945	0.009780691	0.01413543721236029	0.0011576443	0.0017857142857142857	-2.973888	5.036148	1
TANC2	0.20764875	0.17981821	0.20775805391190005	0.35881585	0.4035714285714286	0.99630433	15.64029	1
ACE	0.31456438	0.3374293	0.34023668639053256	0.19034137	0.22857142857142856	-0.82566583	14.374414	1
CD79B	0.012618051	0.0070370603	0.008547008547008548	0.042935416	0.05357142857142857	2.5921228	5.043559	1
FAM20A	0.048758302	0.056025013	0.07001972386587771	0.009277799	0.01607142857142857	-2.5813227	18.519106	1
SPHK1	0.0671078	0.07388135	0.08974358974358974	0.030306404	0.044642857142857144	-1.2827864	7.8365355	1
CYGB	0.10308464	0.11358226	0.13543721236028927	0.04606779	0.0625	-1.3000486	10.770685	1
LGALS3BP	0.07273435	0.08125099	0.11078238001314925	0.02647126	0.04285714285714286	-1.6142933	13.810402	1
NPTX1	0.006744889	0.007986703	0.010190664036817882	6.693881e-10	0.0	-6.33747	6.6689196	1
ALYREF	0.38423342	0.40641892	0.42077580539119	0.26370433	0.3357142857142857	-0.62385434	12.543674	1
MAFG	0.40888175	0.42958125	0.42932281393819854	0.29642582	0.35714285714285715	-0.5351092	9.952793	1
SLC16A3	0.3253819	0.25891027	0.28205128205128205	0.6864579	0.6678571428571428	1.4063722	44.55244	1
NARF	0.3205728	0.29269877	0.3145956607495069	0.47197855	0.5178571428571429	0.6891175	13.939767	1
METRNL	0.09146887	0.080780126	0.09434582511505589	0.14953676	0.1767857142857143	0.88760746	5.0867257	1
TYMS	0.22761843	0.24057594	0.24391847468770544	0.15721282	0.175	-0.61345565	5.3334055	1
AP005136.4	0.0059156963	0.0070048636	0.009204470742932281	6.693881e-10	0.0	-6.1507254	6.403588	1
ABHD3	0.10270276	0.11167479	0.13050624589086127	0.053972915	0.07321428571428572	-1.0476168	7.914032	1
OSBPL1A	0.1778186	0.19494085	0.22320841551610782	0.08478796	0.11785714285714285	-1.2001445	17.114426	1
SEC11C	0.4458197	0.46776286	0.4714003944773176	0.32660875	0.39464285714285713	-0.5180806	10.607697	1
BCL2	0.24874604	0.26137084	0.28106508875739644	0.18014848	0.21428571428571427	-0.5366628	5.3370843	1
SERPINB4	0.03975016	0.044810615	0.050953320184089414	0.01225436	0.01607142857142857	-1.8620362	7.409371	1
LINC00305	0.02640725	0.016940866	0.01873767258382643	0.07783038	0.08928571428571429	2.1931872	6.6324625	1
LINC01916	0.030669892	0.035692587	0.043721236028928336	0.0033867124	0.007142857142857143	-3.3597217	16.841763	1
DSEL	0.110613905	0.1195454	0.14266929651545035	0.062104102	0.0875	-0.94368327	7.1492844	1
CCDC102B	0.12700671	0.13604932	0.15581854043392504	0.07789326	0.09285714285714286	-0.80376846	5.3518686	1
PARD6G	0.044710997	0.049410183	0.06804733727810651	0.01917783	0.02857142857142857	-1.3607827	6.281141	1
PLPP2	0.28935978	0.3108289	0.321827744904668	0.17271866	0.21071428571428572	-0.8473257	14.023103	1
MEX3D	0.15877281	0.17508438	0.19822485207100593	0.07014529	0.09821428571428571	-1.3184009	18.578548	1
KDM4B	0.18061821	0.15977359	0.1903353057199211	0.2938378	0.34285714285714286	0.87857914	10.89393	1
INSR	0.4200205	0.37658536	0.3609467455621302	0.6559567	0.5678571428571428	0.8004605	18.502274	1
ANGPTL4	0.1392842	0.09741125	0.11308349769888232	0.36675104	0.35892857142857143	1.9115537	26.589209	1
FDX2	0.16970488	0.18109293	0.2126890203813281	0.10782414	0.15	-0.7475091	7.5294094	1
S1PR5	0.017526928	0.019810775	0.028928336620644313	0.0051215347	0.008928571428571428	-1.9310037	5.102934	1
EPOR	0.14517489	0.15459785	0.17685733070348456	0.093988754	0.125	-0.71735895	5.6411896	1
DDX39A	0.21746367	0.22895381	0.25378040762656146	0.15502942	0.20357142857142857	-0.56221426	5.5681677	1
NOTCH3	0.11218286	0.12441937	0.15384615384615385	0.045720134	0.05892857142857143	-1.4423165	14.202273	1
PLVAP	1.341026	1.2297013	0.8113083497698882	1.9457576	0.9446428571428571	0.6619809	44.55244	1
UNC13A	0.056791987	0.04734124	0.057856673241288625	0.10812336	0.14107142857142857	1.1897984	5.8150034	1
MAP1S	0.26829425	0.2478106	0.27317554240631164	0.37955314	0.4392857142857143	0.6148619	9.102037	1
DMKN	0.029114807	0.033514276	0.04700854700854701	0.0052170483	0.007142857142857143	-2.6603765	11.695833	1
ZFP36	0.23190622	0.26077917	0.2856673241288626	0.07504386	0.09821428571428571	-1.7956545	43.37635	1
PCAT19	0.36790204	0.34506577	0.34911242603550297	0.49194217	0.5142857142857142	0.51149255	8.56846	1
LINC01480	0.43502116	0.46814576	0.4197896120973044	0.2550676	0.2517857142857143	-0.87582093	18.524584	1
POU2F2	0.16275534	0.1750637	0.19559500328731097	0.09587461	0.11607142857142858	-0.86797917	8.053847	1
BCAM	0.11424673	0.10120208	0.11834319526627218	0.18511304	0.22678571428571428	0.8705219	6.431307	1
APOE	0.29067665	0.3123808	0.2656147271531887	0.17275782	0.16785714285714284	-0.85418165	10.1717205	1
MARK4	0.17556694	0.15639217	0.18080210387902695	0.2797168	0.3464285714285714	0.83839196	10.483363	1
TRAPPC6A	0.17038174	0.15259074	0.1712689020381328	0.26701567	0.32321428571428573	0.806852	8.963903	1
EXOC3L2	0.21670862	0.1832887	0.2064431295200526	0.39823842	0.44285714285714284	1.11909	21.31485	1
HIF3A	0.19929118	0.17453144	0.19756738987508218	0.3337761	0.375	0.93499935	13.101431	1
PRKD2	0.24367146	0.2269359	0.25542406311637084	0.3345693	0.4	0.5598157	6.690319	1
SLC1A5	0.17264795	0.15855706	0.18277449046679817	0.24918164	0.30357142857142855	0.651865	5.894288	1
MEIS3	0.08817075	0.09810674	0.12064431295200526	0.034205206	0.05178571428571429	-1.5173944	13.575654	1
NOP53	0.49402946	0.45951837	0.45956607495069035	0.6814914	0.6892857142857143	0.5684708	17.45679	1
PLEKHA4	0.042188015	0.046905585	0.06377383300460224	0.01655492	0.023214285714285715	-1.4968839	6.113091	1
RRAS	0.7834459	0.73388845	0.6446416831032216	1.0526617	0.8410714285714286	0.5203496	27.748455	1
AC020909.2	0.042498127	0.00041426113	0.0006574621959237344	0.27110374	0.31785714285714284	9.04266	41.80348	1
CLEC11A	0.32188573	0.2977804	0.3155818540433925	0.45281947	0.4232142857142857	0.60452145	7.8511963	1
ZNF160	0.13551632	0.11612368	0.1393819855358317	0.24086535	0.2875	1.0519217	10.563308	1
ZSCAN18	0.1109824	0.09836714	0.11932938856015779	0.17951606	0.23392857142857143	0.8672021	6.7739325	1
SLC27A5	0.061539486	0.05243481	0.0670611439842209	0.110990986	0.1392857142857143	1.0803962	5.2333617	1
SRXN1	0.169863	0.18153612	0.20151216305062458	0.10643323	0.1392857142857143	-0.7697476	7.3449435	1
SDCBP2	0.08466567	0.0718208	0.08875739644970414	0.15444255	0.2	1.103523	7.80811	1
AL117335.1	0.004595307	0.0054414053	0.007232084155161078	6.693881e-10	0.0	-5.7921705	5.100783	1
SIRPA	0.15549605	0.16835722	0.19296515450361604	0.08561248	0.11071428571428571	-0.974805	10.279115	1
CPXM1	0.23513626	0.2513071	0.2804076265614727	0.1472757	0.19107142857142856	-0.7705266	10.350835	1
SMOX	0.095703706	0.08564639	0.10256410256410256	0.15034236	0.2	0.811063	5.214558	1
PRNP	0.22611639	0.24240227	0.2600262984878369	0.13763034	0.16964285714285715	-0.81615186	10.26357	1
PRND	0.27021983	0.2962203	0.24293228139381987	0.12896135	0.11785714285714285	-1.1991003	17.134449	1
SLC23A2	0.22537339	0.23924172	0.26528599605522685	0.15002018	0.1982142857142857	-0.67295396	7.9334745	1
BMP2	0.10167627	0.11345793	0.12195923734385272	0.037684526	0.04642857142857143	-1.587561	13.662766	1
SLC24A3	0.005913976	0.0070028272	0.010190664036817882	6.693881e-10	0.0	-6.150312	7.205086	1
RIN2	0.4939282	0.52467823	0.49671268902038135	0.32687685	0.3892857142857143	-0.6825195	18.215893	1
ID1	0.42671728	0.344192	0.314266929651545	0.8749944	0.575	1.3458061	35.034203	1
FOXS1	0.050008032	0.055677198	0.07527942143326759	0.019205779	0.02857142857142857	-1.5306427	8.234271	1
PROCR	0.73149	0.7691542	0.6623931623931624	0.5269387	0.5571428571428572	-0.54555154	20.455965	1
CEP250	0.11266529	0.09763442	0.11834319526627218	0.19432087	0.2392857142857143	0.9922444	8.20036	1
MAFB	0.46431172	0.5257327	0.39644970414201186	0.1306448	0.15178571428571427	-2.0078504	44.55244	1
MMP9	1.2563604	1.469746	0.725180802103879	0.0973069	0.09642857142857143	-3.915497	44.55244	1
SULF2	0.9849007	1.0587118	0.7859960552268245	0.58399343	0.5553571428571429	-0.85817504	44.55244	1
KCNB1	0.009420604	0.010986139	0.015450361604207758	0.000917223	0.0017857142857142857	-3.4460492	6.7861547	1
TSHZ2	0.17206563	0.18526442	0.19723865877712032	0.10034789	0.125	-0.88391703	8.636865	1
ZNF217	0.22737433	0.21297921	0.24391847468770544	0.30555674	0.3535714285714286	0.52052253	5.2837806	1
DOK5	0.01383271	0.0076670977	0.011176857330703484	0.047325633	0.060714285714285714	2.6102195	5.539081	1
LAMA5	0.101971924	0.08938447	0.10355029585798817	0.1703549	0.20714285714285716	0.92968094	6.4569116	1
NKAIN4	0.009299545	0.011011642	0.014792899408284023	6.693881e-10	0.0	-6.7959185	9.330574	1
SOX18	1.0230848	1.0839	0.7781065088757396	0.6927653	0.6392857142857142	-0.6457179	36.128048	1
C21orf91	0.059336815	0.066071205	0.08678500986193294	0.022748195	0.03214285714285714	-1.5341234	9.27565	1
CHODL	0.11504235	0.13275452	0.1282051282051282	0.018835656	0.019642857142857142	-2.81067	32.869083	1
NCAM2	0.03544269	0.04092607	0.05325443786982249	0.0056568705	0.010714285714285714	-2.8331842	16.846035	1
RUNX1	0.07243155	0.08121512	0.10157790927021697	0.024716543	0.030357142857142857	-1.7122215	12.353673	1
CBR3	0.05598277	0.061120085	0.07264957264957266	0.028069686	0.039285714285714285	-1.1198616	5.0221167	1
PSMG1	0.27326283	0.28970203	0.32511505588428663	0.18394539	0.2375	-0.65500605	9.353559	1
COL18A1	0.441327	0.40333855	0.39316239316239315	0.64767665	0.6035714285714285	0.68314755	17.059591	1
AJ011932.1	0.0073788255	0.00873734	0.009861932938856016	6.693881e-10	0.0	-6.4655304	6.9998126	1
COL6A1	0.29241097	0.30730549	0.3159105851413544	0.21148552	0.25892857142857145	-0.5389019	6.569659	1
CLDN5	1.8963114	2.0278683	0.9644970414201184	1.1817055	0.7232142857142857	-0.77904236	44.55244	1
GP1BB	0.027367769	0.030870333	0.042077580539119	0.008342163	0.014285714285714285	-1.8752023	7.0111675	1
YPEL1	0.066762246	0.057036024	0.06738987508218278	0.11959013	0.15	1.0668317	5.555708	1
ADORA2A	0.10244539	0.07787746	0.08875739644970414	0.23590633	0.275	1.5976964	16.783577	1
RASL10A	0.0648488	0.055755954	0.06344510190664036	0.11423629	0.14464285714285716	1.0335003	5.174042	1
MTFP1	0.12106259	0.10798212	0.12886259040105194	0.19212385	0.2392857142857143	0.8306594	6.5820856	1
HMOX1	0.1263762	0.13514219	0.15285996055226825	0.07876532	0.10892857142857143	-0.7780824	5.736221	1
MB	0.0052419403	0.00042472372	0.0003287310979618672	0.03140982	0.04285714285714286	5.9080997	5.5921817	1
RAC2	0.08336362	0.07296793	0.084155161078238	0.13983537	0.17857142857142858	0.9374504	5.5667577	1
MFNG	0.05055595	0.042131696	0.04865220249835635	0.096311204	0.12321428571428572	1.1908747	5.009595	1
CDC42EP1	0.2491191	0.22917108	0.2603550295857988	0.35746795	0.4142857142857143	0.64116293	8.713194	1
LGALS1	0.7252234	0.6338699	0.48717948717948717	1.221497	0.6875	0.94628227	29.130291	1
H1F0	0.21373045	0.19176222	0.21597633136094674	0.33305153	0.3732142857142857	0.79610777	10.19198	1
TMEM184B	0.25477728	0.23529269	0.26429980276134124	0.3606077	0.41785714285714287	0.61576074	8.381598	1
SUN2	0.13528275	0.124006	0.14365548980933596	0.19654563	0.25	0.66402525	5.0332584	1
PDGFB	0.3102352	0.28017205	0.30111768573307035	0.47353178	0.4714285714285714	0.75693804	13.381956	1
DESI1	0.45651644	0.48123434	0.46614069690992765	0.3222318	0.38571428571428573	-0.5784928	12.550489	1
PACSIN2	0.20890182	0.19547553	0.22452333990795528	0.28182063	0.3410714285714286	0.52756304	5.2058835	1
TSPO	0.6777467	0.6360818	0.551939513477975	0.9040995	0.7339285714285714	0.50720197	17.029512	1
PARVB	0.113115914	0.10220933	0.11669953977646286	0.1723679	0.21964285714285714	0.7533902	5.0945563	1
MIRLET7BHG	0.0062773814	0.0074331313	0.00953320184089415	6.693881e-10	0.0	-6.235168	6.489606	1
SHANK3	0.44703954	0.47411978	0.4612097304404997	0.29992053	0.34464285714285714	-0.6604946	14.912246	1
PLCXD1	0.11151326	0.09931208	0.11834319526627218	0.17779776	0.2125	0.83955526	5.787579	1
IL3RA	0.37893456	0.34765285	0.358974358974359	0.54885226	0.5571428571428572	0.65861845	14.244003	1
SMPX	0.0048659067	-1.1568773e-09	0.0	0.031298246	0.04285714285714286	8.294557	5.8296313	1
CHST7	0.12483666	0.13674422	0.16074950690335305	0.06016039	0.08571428571428572	-1.1832526	12.394653	1
PCSK1N	0.17801282	0.19764385	0.18474687705456935	0.07135332	0.08214285714285714	-1.4685599	18.859316	1
TIMM17B	0.26044425	0.24197869	0.2705456936226167	0.36073998	0.4232142857142857	0.57588303	7.858482	1
NHSL2	0.14277671	0.12604068	0.15088757396449703	0.23369457	0.2982142857142857	0.89020777	9.278311	1
CYSLTR1	0.20869748	0.18598573	0.20907297830374755	0.33205703	0.3678571428571429	0.8358979	10.8097315	1
BRWD3	0.16577692	0.15055785	0.1794871794871795	0.24844104	0.30892857142857144	0.7222083	7.185753	1
TNMD	0.0070834267	0.0082523255	0.011505588428665352	0.00073460536	0.0017857142857142857	-3.3230116	5.2422776	1
SYTL4	0.15888397	0.1440333	0.16699539776462854	0.23955148	0.28035714285714286	0.7335342	6.43876	1
ARMCX1	0.17876765	0.19461788	0.22287968441814596	0.09264709	0.125	-1.0700114	14.13508	1
TMSB15A	0.044239733	0.048818868	0.06344510190664036	0.019358743	0.030357142857142857	-1.3299726	5.9560285	1
TCEAL1	0.15017827	0.16054313	0.1873767258382643	0.09387065	0.12142857142857143	-0.7735772	6.551541	1
IL1RAPL2	0.005340043	0.006323239	0.007889546351084813	6.693881e-10	0.0	-6.0052195	5.695486	1
NRK	0.14116895	0.16458699	0.17291255752794216	0.013967144	0.019642857142857142	-3.5493252	44.55244	1
DCX	0.025760941	0.030177739	0.0381328073635766	0.0017690918	0.0035714285714285713	-4.017848	17.791298	1
TENM1	0.021937571	0.025654348	0.03418803418803419	0.0017483277	0.0017857142857142857	-3.8005235	13.350389	1
RAB33A	0.034520555	0.026398286	0.032215647600262985	0.07864218	0.09464285714285714	1.5712377	5.4355245	1
LINC00632	0.204737	0.22401011	0.22715318869165024	0.10002319	0.125	-1.1624316	15.856902	1
GABRE	0.15315321	0.12508573	0.1390532544378698	0.30562127	0.34464285714285714	1.2881469	17.645264	1
PLXNA3	0.14842914	0.13621095	0.1614069690992768	0.21480165	0.2785714285714286	0.6567752	5.6388774	1
DDX3Y	0.347208	0.32481095	0.3537146614069691	0.46886253	0.5232142857142857	0.5294283	9.599782	1
